id,participant_id,stim_id,groove,complexity,rt,rt_type,trial_index,session_id,condition,created_at,listen_duration,musical_background
b987e70c-a8c4-4ee9-9e66-5707ed540f61,b797bbaa,stim_0079,4,4,14.017,response,0,b797bbaa,main,2026-05-19T06:21:09.038143+00:00,13.546,amateur
0ed82b05-6d5c-46e7-be65-b3cc037b695e,b797bbaa,stim_0102,2,1,12.463,response,1,b797bbaa,main,2026-05-19T06:21:24.489477+00:00,11.951,amateur
9942e5e0-06e9-49dc-8f93-231ec7bce7c4,b797bbaa,stim_0039,1,1,14.981,response,2,b797bbaa,main,2026-05-19T06:21:40.239324+00:00,14.607,amateur
b4f44cce-52ef-4f9a-80cf-06842ec508f7,b797bbaa,stim_0123,2,2,10.013,response,3,b797bbaa,main,2026-05-19T06:21:51.022678+00:00,9.565,amateur
f6f0fb36-8513-4a7d-8cfe-4a77106865ab,b797bbaa,stim_0006,5,4,9.484,response,4,b797bbaa,main,2026-05-19T06:22:01.715768+00:00,9.033,amateur
8384e14f-a991-472f-8bf2-c94c575581b3,b797bbaa,stim_0125,6,5,15.216,response,5,b797bbaa,main,2026-05-19T06:22:17.727878+00:00,14.889,amateur
8e705031-b2a7-4df4-ba74-c88e4e1e97d5,b797bbaa,stim_0120,6,6,15.849,response,6,b797bbaa,main,2026-05-19T06:22:34.272925+00:00,15.415,amateur
39c9beb5-81a9-4a12-b859-6a69051fadc9,b797bbaa,stim_0059,1,1,9.097,response,7,b797bbaa,main,2026-05-19T06:22:44.080147+00:00,8.764,amateur
eff83fb8-f722-48c4-bf87-42cf07f9ef22,b797bbaa,stim_0060,5,5,17.903,response,8,b797bbaa,main,2026-05-19T06:23:02.816917+00:00,17.536,amateur
26e52456-9b2e-48a0-9419-87f5286144e8,b797bbaa,stim_0067,4,2,8.243,response,9,b797bbaa,main,2026-05-19T06:23:11.818507+00:00,7.708,amateur
0699ce43-92fc-4666-984d-93b6c2a1b4ea,b797bbaa,stim_0065,2,2,11.712,response,10,b797bbaa,main,2026-05-19T06:23:24.291989+00:00,11.422,amateur
f85bdf1d-f912-4716-ad4c-ada666a2ff63,b797bbaa,stim_0004,6,4,13.059,response,11,b797bbaa,main,2026-05-19T06:23:38.128562+00:00,12.749,amateur
37b38dec-3ad9-411f-95c3-af95fc100a3c,b797bbaa,stim_0096,5,4,9.414,response,12,b797bbaa,main,2026-05-19T06:23:48.329733+00:00,9.032,amateur
a9d699fa-2533-4dcc-bdb1-ffd60b0fe38c,b797bbaa,stim_0055,4,6,13.226,response,13,b797bbaa,main,2026-05-19T06:24:02.326024+00:00,12.749,amateur
f2934eb8-4c1f-46ed-998c-89da0fbd6e56,b797bbaa,stim_0094,1,1,7.563,response,14,b797bbaa,main,2026-05-19T06:24:10.618499+00:00,7.177,amateur
bc588038-72dc-489e-89ba-ee3644ac3e86,b797bbaa,stim_0034,6,3,18.613,response,15,b797bbaa,main,2026-05-19T06:24:29.978687+00:00,18.332,amateur
e353be04-080e-4ad4-b288-8b264b03c926,b797bbaa,stim_0084,5,6,14.464,response,16,b797bbaa,main,2026-05-19T06:24:45.141031+00:00,14.087,amateur
91f60769-81a1-4852-899c-7f849ad619c0,b797bbaa,stim_0062,7,6,7.03,response,17,b797bbaa,main,2026-05-19T06:24:53.149512+00:00,6.645,amateur
c3a8f1c5-40dc-42f8-9381-d14e265d3391,b797bbaa,stim_0086,1,1,7.185,response,18,b797bbaa,main,2026-05-19T06:25:01.070754+00:00,6.907,amateur
25bab803-e33c-4714-894a-7a3b81be283b,b797bbaa,stim_0116,1,1,13.565,response,19,b797bbaa,main,2026-05-19T06:25:15.880551+00:00,13.279,amateur
965bedbe-3497-406a-9f43-826a37a46315,b797bbaa,stim_0030,1,5,7.301,response,20,b797bbaa,main,2026-05-19T06:25:23.967593+00:00,6.911,amateur
f00b674e-be5d-488e-aa46-db05a6521ec4,b797bbaa,stim_0014,4,4,11.642,response,21,b797bbaa,main,2026-05-19T06:25:36.391636+00:00,11.157,amateur
b5151707-c3b6-41ad-881f-eaffce4c77c7,b797bbaa,stim_0033,6,5,7.867,response,22,b797bbaa,main,2026-05-19T06:25:44.962492+00:00,7.439,amateur
f3a60566-1246-4a91-a67c-7a27ab5d60f7,b797bbaa,stim_0076,5,5,9.847,response,23,b797bbaa,main,2026-05-19T06:25:55.588682+00:00,9.564,amateur
6287926d-2b1d-4fbe-a09a-6e2b41340cb1,b797bbaa,stim_0061,3,4,17.267,response,24,b797bbaa,main,2026-05-19T06:26:13.579357+00:00,16.738,amateur
498ffd26-bff0-4ebd-be16-6bf73435e91b,b797bbaa,stim_0124,6,5,8.175,response,25,b797bbaa,main,2026-05-19T06:26:22.519764+00:00,7.707,amateur
c10ec556-0bbf-4903-b859-d45465935b73,b797bbaa,stim_0023,2,2,9.867,response,26,b797bbaa,main,2026-05-19T06:26:33.171198+00:00,9.565,amateur
e7b3318f-d6a1-4fbe-8210-5ccd070772d2,b797bbaa,stim_0075,5,6,9.461,response,27,b797bbaa,main,2026-05-19T06:26:43.348335+00:00,9.033,amateur
95a3a789-c093-4676-abac-551600892c4a,b797bbaa,stim_0106,5,5,12.696,response,28,b797bbaa,main,2026-05-19T06:26:56.779911+00:00,12.219,amateur
044edcba-73cb-4873-8250-38e7a5030c17,b797bbaa,stim_0066,4,5,8.797,response,29,b797bbaa,main,2026-05-19T06:27:06.36912+00:00,8.502,amateur
1f5ca7e1-d92b-4a2f-b34c-69a979efcc3f,5b61e147,stim_0044,6,5,13.684,response,0,5b61e147,main,2026-05-20T06:14:00.490402+00:00,13.28,semi_pro
c00fe170-0aa1-484a-9055-0490aaa55a5d,5b61e147,stim_0012,2,4,9.272,response,1,5b61e147,main,2026-05-20T06:14:11.905369+00:00,8.766,semi_pro
346b1870-2dcd-4098-9202-c42251ca3271,08f0567a,stim_0034,3,2,11.824,response,0,08f0567a,main,2026-05-20T07:31:08.813599+00:00,11.04,semi_pro
fafa94d9-45d2-4285-a83f-1f154c2c71d7,08f0567a,stim_0079,3,3,11.617,response,1,08f0567a,main,2026-05-20T07:31:22.588501+00:00,10.946,semi_pro
ea2b7fd5-6b33-4133-9887-b0ca52102517,08f0567a,stim_0009,4,3,12.397,response,2,08f0567a,main,2026-05-20T07:31:35.754795+00:00,11.698,semi_pro
97a70940-00ec-4d4b-aaa2-b78f9d8f8ea0,08f0567a,stim_0053,2,3,8.494,response,3,08f0567a,main,2026-05-20T07:31:45.26939+00:00,7.932,semi_pro
afc20d1c-2aa7-4ed5-a814-0852278d8f8a,08f0567a,stim_0122,3,3,15.743,response,4,08f0567a,main,2026-05-20T07:32:01.836694+00:00,15.218,semi_pro
a19e827a-f3d6-42f6-9337-a6305bb74f61,08f0567a,stim_0007,3,3,13.337,response,5,08f0567a,main,2026-05-20T07:32:16.018723+00:00,12.704,semi_pro
74be7ffe-6cde-44c4-8604-552197ca6d83,08f0567a,stim_0124,4,3,6.836,response,6,08f0567a,main,2026-05-20T07:32:23.652046+00:00,6.176,semi_pro
e84a3f85-a945-4f53-be9e-1ec3917e2088,08f0567a,stim_0078,4,3,9.64,response,7,08f0567a,main,2026-05-20T07:32:34.135052+00:00,8.936,semi_pro
caf7044c-3e2a-40cf-bd1e-507e3a46fe51,08f0567a,stim_0046,2,3,18.632,response,8,08f0567a,main,2026-05-20T07:32:53.568705+00:00,17.976,semi_pro
ebf150e6-7fa5-42e6-a543-e56d781f5a8c,08f0567a,stim_0126,3,3,18.209,response,9,08f0567a,main,2026-05-20T07:33:12.596117+00:00,17.473,semi_pro
6d47cd8b-b789-4e60-b224-5e8fb19cef9b,08f0567a,stim_0020,2,4,8.31,response,10,08f0567a,main,2026-05-20T07:33:21.642709+00:00,7.684,semi_pro
c90ed979-e31d-4104-99d4-d650ce049ed4,08f0567a,stim_0072,2,4,10.616,response,11,08f0567a,main,2026-05-20T07:33:32.965222+00:00,9.946,semi_pro
6d4146b5-a1d5-4d94-8bb5-99f85924421c,08f0567a,stim_0074,3,4,6.797,response,12,08f0567a,main,2026-05-20T07:33:40.61452+00:00,6.175,semi_pro
0694d226-4f40-40c1-8287-9efc25357331,08f0567a,stim_0086,4,1,17.453,response,13,08f0567a,main,2026-05-20T07:33:58.852388+00:00,16.714,semi_pro
381c2d21-77d4-4ecd-ace2-c26f614e6b3e,08f0567a,stim_0104,2,2,16.503,response,14,08f0567a,main,2026-05-20T07:34:16.134779+00:00,15.96,semi_pro
5aea3bcb-ac91-4e69-a66a-e3408eb8f5d7,08f0567a,stim_0101,2,3,9.469,response,15,08f0567a,main,2026-05-20T07:34:26.397538+00:00,8.68,semi_pro
2ed978a8-dbd9-41b5-bc54-ac21e7373b29,08f0567a,stim_0030,1,4,8.43,response,16,08f0567a,main,2026-05-20T07:34:35.590299+00:00,7.68,semi_pro
fc9ab294-5c92-4878-a14c-eacd0de47b2e,08f0567a,stim_0076,4,3,12.873,response,17,08f0567a,main,2026-05-20T07:34:49.257672+00:00,12.204,semi_pro
aba1e7c9-bfe7-4f09-8cb8-1e5ef0066730,08f0567a,stim_0037,4,4,6.523,response,18,08f0567a,main,2026-05-20T07:34:56.528669+00:00,5.924,semi_pro
1820a521-b8fb-4ce1-ae24-51e2c093f715,08f0567a,stim_0018,2,4,4.995,response,19,08f0567a,main,2026-05-20T07:35:02.37516+00:00,4.418,semi_pro
7f79011f-404c-4821-ba6a-503ac1a0a2c4,08f0567a,stim_0058,2,2,5.784,response,20,08f0567a,main,2026-05-20T07:35:08.893616+00:00,5.176,semi_pro
45145331-41f3-422b-8df6-1b99aae26b86,08f0567a,stim_0052,3,3,7.021,response,21,08f0567a,main,2026-05-20T07:35:16.791218+00:00,6.427,semi_pro
c2a663ea-0588-487a-959c-20af5c520a5d,08f0567a,stim_0089,3,3,9.077,response,22,08f0567a,main,2026-05-20T07:35:26.626533+00:00,8.436,semi_pro
5bb94fa3-1501-451e-8106-6dd178fffe96,08f0567a,stim_0044,2,4,5.275,response,23,08f0567a,main,2026-05-20T07:35:32.769818+00:00,4.672,semi_pro
9a9440b9-b5cf-4607-8b60-4d9867ffd2f5,08f0567a,stim_0055,2,2,9.02,response,24,08f0567a,main,2026-05-20T07:35:42.538735+00:00,8.435,semi_pro
d6f1a4a4-2c7a-4d9c-bc7f-dc0fad3d277d,36ebad0f,stim_0049,3,3,19.776,response,0,36ebad0f,main,2026-05-20T07:38:23.567691+00:00,19.058,non_musician
8ee268d5-1ebd-4bed-a046-c80597705897,36ebad0f,stim_0062,4,4,13.848,response,1,36ebad0f,main,2026-05-20T07:38:38.534078+00:00,13.174,non_musician
eaa47baf-c464-46e3-bf19-83938c48dd71,36ebad0f,stim_0005,2,2,14.643,response,2,36ebad0f,main,2026-05-20T07:38:53.986834+00:00,13.966,non_musician
eea05320-92f2-4d1b-a032-6282ba4920e2,36ebad0f,stim_0121,4,3,12.002,response,3,36ebad0f,main,2026-05-20T07:39:06.802877+00:00,11.34,non_musician
445f5a76-a2b2-4152-b80e-00c1c58f6fa6,36ebad0f,stim_0082,2,4,8.753,response,4,36ebad0f,main,2026-05-20T07:39:16.352609+00:00,7.991,non_musician
53ea87ea-7826-4573-8269-c9f3a7042821,36ebad0f,stim_0086,3,2,21.681,response,5,36ebad0f,main,2026-05-20T07:39:38.812318+00:00,21.092,non_musician
56f23a4f-dc8d-41f7-8e0b-a1cf79fcb9f1,36ebad0f,stim_0033,5,3,20.881,response,6,36ebad0f,main,2026-05-20T07:40:00.465425+00:00,20.207,non_musician
1141ebd2-2c40-4379-abfb-2936bb16fb4f,36ebad0f,stim_0048,3,5,13.607,response,7,36ebad0f,main,2026-05-20T07:40:14.841302+00:00,12.946,non_musician
24341b6f-5406-4cce-a2c4-580c4c6ac2b2,36ebad0f,stim_0024,4,5,13.863,response,8,36ebad0f,main,2026-05-20T07:40:29.451899+00:00,13.272,non_musician
2afbfb4a-c6f3-4c87-adce-e16f21291de8,36ebad0f,stim_0015,3,4,11.395,response,9,36ebad0f,main,2026-05-20T07:40:41.589145+00:00,10.717,non_musician
a7b24c31-8a43-4651-b7ee-8a521c187e16,36ebad0f,stim_0115,4,3,18.379,response,10,36ebad0f,main,2026-05-20T07:41:00.729734+00:00,17.663,non_musician
191a1bbe-19b8-489c-a24d-6c03aca091a6,36ebad0f,stim_0119,3,3,19.067,response,11,36ebad0f,main,2026-05-20T07:41:20.620665+00:00,18.457,non_musician
7c324bc5-4967-45cd-bda9-38b7a2fe6d4e,36ebad0f,stim_0007,5,4,19.043,response,12,36ebad0f,main,2026-05-20T07:41:40.400742+00:00,18.545,non_musician
21b2cfd5-3f96-4e1d-a945-0f2911dc83ef,2d658a46,stim_0041,4,3,21.042,response,0,2d658a46,main,2026-05-20T07:42:35.404046+00:00,20.137,pro
a554a10f-0b76-4e35-ba4a-f729451338f2,2d658a46,stim_0057,5,4,15.437,response,1,2d658a46,main,2026-05-20T07:42:51.712799+00:00,14.869,pro
2748bcbd-e12d-46b2-93e5-c090bfc58030,b5a199eb,stim_0107,4,2,19.758,response,0,b5a199eb,main,2026-05-20T07:42:58.434823+00:00,18.658,amateur
341f0023-8326-4bdc-9800-fcb9a2410663,2d658a46,stim_0114,2,2,17.754,response,2,2d658a46,main,2026-05-20T07:43:10.11544+00:00,17.119,pro
aa110e47-539b-4e7d-a481-bf351e397f32,b5a199eb,stim_0022,3,1,12.797,response,1,b5a199eb,main,2026-05-20T07:43:12.089229+00:00,12.192,amateur
9078d16e-229d-407d-9790-2ae71c485dc3,b5a199eb,stim_0123,4,3,11.637,response,2,b5a199eb,main,2026-05-20T07:43:24.45164+00:00,10.937,amateur
2fa66448-1faa-47ad-942a-205cee37157d,2d658a46,stim_0054,3,3,14.539,response,3,2d658a46,main,2026-05-20T07:43:25.31981+00:00,13.871,pro
3303c887-4892-45e7-ae5b-909666a9c579,2d658a46,stim_0002,3,6,11.538,response,4,2d658a46,main,2026-05-20T07:43:37.485519+00:00,10.864,pro
8fec531b-268b-4446-9e60-f4797170e8ea,b5a199eb,stim_0065,2,2,22.312,response,3,b5a199eb,main,2026-05-20T07:43:47.511523+00:00,21.453,amateur
22a58d24-65e6-4803-82b5-b6ccb7851e60,2d658a46,stim_0021,4,4,11.267,response,5,2d658a46,main,2026-05-20T07:43:49.417616+00:00,10.611,pro
bb87e548-26a7-4b4f-94e7-0216a0627d59,2d658a46,stim_0107,5,5,7.929,response,6,2d658a46,main,2026-05-20T07:43:57.987227+00:00,7.351,pro
597812ad-96e5-4c14-a8c5-e1c47a1eadda,b5a199eb,stim_0057,4,4,12.112,response,4,b5a199eb,main,2026-05-20T07:44:00.443545+00:00,11.023,amateur
b88125db-4349-4f8b-9138-2fba90e88033,2d658a46,stim_0072,3,2,10.832,response,7,2d658a46,main,2026-05-20T07:44:09.481277+00:00,10.351,pro
7ea63b67-8cc8-4d12-9666-d9dfe8c21fa3,b5a199eb,stim_0058,2,2,17.539,response,5,b5a199eb,main,2026-05-20T07:44:19.040228+00:00,16.691,amateur
fe4e3ef6-de3b-47e7-86eb-86008f584e2f,2d658a46,stim_0037,7,4,10.374,response,8,2d658a46,main,2026-05-20T07:44:20.560217+00:00,9.607,pro
43c077f5-0037-4505-8020-8b9cbe45e089,2d658a46,stim_0126,3,1,12.273,response,9,2d658a46,main,2026-05-20T07:44:33.481167+00:00,11.61,pro
f7a92b66-2586-46ec-be46-d97f8cf9646d,b5a199eb,stim_0112,4,4,16.543,response,6,b5a199eb,main,2026-05-20T07:44:36.461077+00:00,14.186,amateur
199de09e-485c-4459-9e6b-d9f46159f6e8,2d658a46,stim_0082,5,3,10.565,response,10,2d658a46,main,2026-05-20T07:44:44.70718+00:00,9.858,pro
030506f1-9a08-4773-ba8c-dcc9c36669a0,b5a199eb,stim_0029,3,3,21.058,response,7,b5a199eb,main,2026-05-20T07:44:58.416731+00:00,20.208,amateur
25f5c9cc-f7be-4dfa-866a-f1a8aa22c819,2d658a46,stim_0068,4,2,13.368,response,11,2d658a46,main,2026-05-20T07:44:58.727969+00:00,12.611,pro
58fde4c2-5fbe-4227-9fa5-587f6cb5a176,2d658a46,stim_0108,2,6,12.927,response,12,2d658a46,main,2026-05-20T07:45:12.286854+00:00,12.359,pro
de519e3a-5044-422c-bfb4-b3460057baf9,b5a199eb,stim_0081,2,2,14.139,response,8,b5a199eb,main,2026-05-20T07:45:13.302765+00:00,13.188,amateur
701d3c10-d526-4b18-8e3f-af88471375c8,b5a199eb,stim_0066,4,4,12.64,response,9,b5a199eb,main,2026-05-20T07:45:27.259234+00:00,11.69,amateur
b827f00b-d4d0-42c0-a541-e10e454c55d7,2d658a46,stim_0006,4,3,19.061,response,13,2d658a46,main,2026-05-20T07:45:32.06816+00:00,18.376,pro
85c8f3ca-d5a9-486c-a69d-e648f9164946,b5a199eb,stim_0033,4,4,11.87,response,10,b5a199eb,main,2026-05-20T07:45:39.898761+00:00,10.926,amateur
a1351411-8259-49e6-8413-352b21950517,2d658a46,stim_0034,3,2,10.423,response,14,2d658a46,main,2026-05-20T07:45:43.117429+00:00,9.611,pro
e8396d5b-78ec-4712-9ac4-01a2179d9e40,2d658a46,stim_0058,3,2,11.913,response,15,2d658a46,main,2026-05-20T07:45:55.665812+00:00,11.112,pro
7e88f7d2-31d0-402f-a21e-9a8dbdbc0515,b5a199eb,stim_0030,4,4,16.43,response,11,b5a199eb,main,2026-05-20T07:45:57.077081+00:00,15.697,amateur
b8e5fd5b-2876-40b4-b8d2-a24b2644c82d,2d658a46,stim_0016,5,6,10.532,response,16,2d658a46,main,2026-05-20T07:46:06.847726+00:00,9.852,pro
51808327-9b4d-458c-a983-c5b39d11074b,b5a199eb,stim_0122,4,4,33.528,response,12,b5a199eb,main,2026-05-20T07:46:31.513745+00:00,27.973,amateur
ca72614d-8056-4fa1-bf03-3444fca518fd,b5a199eb,stim_0020,4,4,7.675,response,13,b5a199eb,main,2026-05-20T07:46:39.956356+00:00,6.673,amateur
e9598d00-6ed5-4d19-961e-b7a39e4f6812,b5a199eb,stim_0023,3,2,11.099,response,14,b5a199eb,main,2026-05-20T07:46:51.794141+00:00,10.429,amateur
69b43ac6-0704-4483-85b6-c7c1211c219b,b5a199eb,stim_0115,4,5,15.981,response,15,b5a199eb,main,2026-05-20T07:47:08.656446+00:00,15.006,amateur
a8e3956c-ef32-4392-bfdb-700cc67e1bf9,b5a199eb,stim_0114,5,3,12.292,response,16,b5a199eb,main,2026-05-20T07:47:21.672071+00:00,11.431,amateur
e7b316b2-428f-437d-abed-be1fbda92e9a,b5a199eb,stim_0018,3,3,18.321,response,17,b5a199eb,main,2026-05-20T07:47:40.702005+00:00,17.374,amateur
d22fe358-eb78-4e04-8b77-592c9679e956,b5a199eb,stim_0059,2,2,17.124,response,18,b5a199eb,main,2026-05-20T07:47:58.583994+00:00,15.551,amateur
24047105-661a-45b0-bb12-b3c71f662523,b5a199eb,stim_0021,5,3,14.935,response,19,b5a199eb,main,2026-05-20T07:48:14.506563+00:00,14.184,amateur
3f2ca602-81f0-4d66-88cf-7e554d5f3cc0,b5a199eb,stim_0024,6,4,16.3,response,20,b5a199eb,main,2026-05-20T07:48:31.90654+00:00,15.197,amateur
fea9e425-91af-42e1-a27c-f6ffb766fc2f,b5a199eb,stim_0004,4,3,10.834,response,21,b5a199eb,main,2026-05-20T07:48:43.47738+00:00,9.677,amateur
b8715403-6828-49ba-a0f4-19d3a1c23f01,b5a199eb,stim_0005,4,3,18.762,response,22,b5a199eb,main,2026-05-20T07:49:03.411799+00:00,17.945,amateur
75f8a484-9f89-4f3c-98a7-3df155db2f48,b5a199eb,stim_0003,6,4,10.941,response,23,b5a199eb,main,2026-05-20T07:49:15.12684+00:00,10.141,amateur
c409a29b-a2d0-44c9-bb36-88a8ddc9dbd3,b5a199eb,stim_0067,3,2,15.296,response,24,b5a199eb,main,2026-05-20T07:49:31.497884+00:00,14.189,amateur
46203148-0447-456b-8f3c-396ab59a71ce,b5a199eb,stim_0091,6,4,7.997,response,25,b5a199eb,main,2026-05-20T07:49:40.283962+00:00,7.176,amateur
2edc67a4-78af-4465-bb9a-cc70ccfa2150,b5a199eb,stim_0099,4,4,8.22,response,26,b5a199eb,main,2026-05-20T07:49:49.263359+00:00,7.162,amateur
e1a97042-eadf-4698-acea-9b664065a171,b5a199eb,stim_0079,5,4,15.83,response,27,b5a199eb,main,2026-05-20T07:50:06.079602+00:00,14.925,amateur
50cfe8f8-cf75-4328-8a26-ccc218a08330,b5a199eb,stim_0039,3,4,11.307,response,28,b5a199eb,main,2026-05-20T07:50:18.100311+00:00,10.283,amateur
f4e28245-fc9a-4539-a442-d994f2faf326,b5a199eb,stim_0040,4,4,18.274,response,29,b5a199eb,main,2026-05-20T07:50:37.310349+00:00,17.438,amateur
f5c75146-5910-43a0-a61d-2d1cf1ec4a33,7ea54052,stim_0079,2,2,27.254,response,0,7ea54052,main,2026-05-20T10:00:13.506578+00:00,22.475,semi_pro
f951fdda-538f-444d-a612-725a01140013,7ea54052,stim_0117,3,1,20.943,response,1,7ea54052,main,2026-05-20T10:00:36.597822+00:00,19.317,semi_pro
b2d90844-9ee2-40ee-901b-35923059fa05,7ea54052,stim_0088,2,2,19.755,response,2,7ea54052,main,2026-05-20T10:00:57.356666+00:00,18.825,semi_pro
f7b08214-ed06-450d-95d1-05a9163667be,7ea54052,stim_0119,3,2,21.248,response,3,7ea54052,main,2026-05-20T10:01:19.479169+00:00,20.319,semi_pro
00b1f739-493b-414a-93c7-f8e6c4eeca9a,7ea54052,stim_0094,4,1,23.537,response,4,7ea54052,main,2026-05-20T10:01:43.690506+00:00,22.303,semi_pro
cd1683fd-d43c-417f-886b-3bf5a2d8f31c,7ea54052,stim_0003,2,1,12.423,response,5,7ea54052,main,2026-05-20T10:01:57.110785+00:00,11.564,semi_pro
b4f33109-bd16-49fe-9b3d-fd3b88ee4e0e,7ea54052,stim_0113,1,1,13.161,response,6,7ea54052,main,2026-05-20T10:02:11.113846+00:00,12.308,semi_pro
65818cdb-cbe1-4516-a89a-615704ee66a2,7ea54052,stim_0080,3,2,15.403,response,7,7ea54052,main,2026-05-20T10:02:27.371612+00:00,14.562,semi_pro
f9b0b0ac-2c13-4fba-98a4-12f186c0af97,7ea54052,stim_0093,1,3,8.144,response,8,7ea54052,main,2026-05-20T10:02:36.333483+00:00,7.305,semi_pro
39e12b52-05bc-4fb5-b0a1-b301ee061e91,7ea54052,stim_0019,3,2,16.342,response,9,7ea54052,main,2026-05-20T10:02:53.408862+00:00,15.562,semi_pro
dff0d8c3-2312-4527-aca2-4cb0e054702e,7ea54052,stim_0072,3,2,12.462,response,10,7ea54052,main,2026-05-20T10:03:06.816485+00:00,11.672,semi_pro
731cd869-e85a-420c-a456-ec80aa6a2564,7ea54052,stim_0097,2,2,9.654,response,11,7ea54052,main,2026-05-20T10:03:17.218139+00:00,8.56,semi_pro
5cc7969a-481a-4c87-8167-137437d9d60d,7ea54052,stim_0115,2,2,5.702,response,12,7ea54052,main,2026-05-20T10:03:23.661706+00:00,4.701,semi_pro
218c2a75-e3b2-4978-8187-743a7be510a5,7ea54052,stim_0016,3,3,5.656,response,13,7ea54052,main,2026-05-20T10:03:30.135584+00:00,4.802,semi_pro
ba258635-d18c-4d01-aa44-041adfcc064a,7ea54052,stim_0015,5,4,12.064,response,14,7ea54052,main,2026-05-20T10:03:42.88414+00:00,11.313,semi_pro
395a3d81-296a-4d53-af40-b89e18515ef3,7ea54052,stim_0109,4,4,13.07,response,15,7ea54052,main,2026-05-20T10:03:56.752738+00:00,12.196,semi_pro
89c1cfbf-d0ca-4bf1-87b1-f854a7306741,7ea54052,stim_0118,4,4,7.635,response,16,7ea54052,main,2026-05-20T10:04:05.080221+00:00,6.807,semi_pro
c51541f8-63ba-419e-84ae-df99820ce5dd,7ea54052,stim_0077,4,4,3.067,response,17,7ea54052,main,2026-05-20T10:04:09.057666+00:00,2.292,semi_pro
fa0aa4b2-ca56-4945-a897-ac3f377dab92,7ea54052,stim_0084,2,4,8.84,response,18,7ea54052,main,2026-05-20T10:04:18.641272+00:00,7.937,semi_pro
d36a1a67-d12a-464b-b987-05cde551db1e,7ea54052,stim_0122,6,5,10.63,response,19,7ea54052,main,2026-05-20T10:04:30.143216+00:00,9.804,semi_pro
531a5828-17e2-458b-b445-a258cc0f3ec4,7ea54052,stim_0024,4,5,8.732,response,20,7ea54052,main,2026-05-20T10:04:39.689137+00:00,7.925,semi_pro
39118ef4-d312-430f-ba6c-658b267f4c38,7ea54052,stim_0020,4,4,12.88,response,21,7ea54052,main,2026-05-20T10:04:53.269328+00:00,12.066,semi_pro
f3731d14-1dbb-4d45-92cc-b8b7f4acdcfb,7ea54052,stim_0030,2,2,11.962,response,22,7ea54052,main,2026-05-20T10:05:06.070654+00:00,11.306,semi_pro
03545c0a-b410-4702-90e0-77b8420078b7,7ea54052,stim_0046,3,4,7.915,response,23,7ea54052,main,2026-05-20T10:05:14.66743+00:00,7.208,semi_pro
11811280-6dfd-466e-a60b-f586c30548a0,7ea54052,stim_0049,5,2,14.534,response,24,7ea54052,main,2026-05-20T10:05:29.899909+00:00,13.806,semi_pro
502f13ca-ac1a-44c1-ae93-fe0b3d7df589,7ea54052,stim_0103,4,4,5.815,response,25,7ea54052,main,2026-05-20T10:05:36.478104+00:00,5.052,semi_pro
fe67e508-1734-49bd-8cb2-760d8a2f3b33,7ea54052,stim_0022,6,4,9.176,response,26,7ea54052,main,2026-05-20T10:05:46.477393+00:00,8.553,semi_pro
41526f63-6a6e-441d-91bb-4f749f9a75e9,7ea54052,stim_0060,2,2,9.962,response,27,7ea54052,main,2026-05-20T10:05:57.169552+00:00,9.084,semi_pro
71ffc227-e498-4909-afd5-198a207547ab,7ea54052,stim_0086,4,4,3.127,response,28,7ea54052,main,2026-05-20T10:06:00.982641+00:00,2.293,semi_pro
cb319949-98d5-424c-b718-a1bb2551e37c,7ea54052,stim_0055,2,3,6.949,response,29,7ea54052,main,2026-05-20T10:06:08.583033+00:00,6.048,semi_pro
84b6b5b0-e8d0-4151-aea0-2aef197493e6,699f9596,stim_0058,4,1,20.637,response,0,699f9596,main,2026-05-20T10:11:30.144267+00:00,19.065,amateur
4c60d20c-43be-4ec3-9956-8248881fe4a8,699f9596,stim_0119,4,2,17.053,response,1,699f9596,main,2026-05-20T10:11:47.979672+00:00,16.285,amateur
e0715eb9-a3c6-4aab-9db7-37e12e963e62,699f9596,stim_0030,2,4,22.542,response,2,699f9596,main,2026-05-20T10:12:11.320225+00:00,21.803,amateur
30a99cb0-b896-4d1e-b2b7-a2ddc43e140d,699f9596,stim_0117,2,3,19.158,response,3,699f9596,main,2026-05-20T10:12:31.319995+00:00,18.05,amateur
fd4d8d0a-3aad-4ce6-acc1-cfcdca97ec78,699f9596,stim_0106,3,4,28.056,response,4,699f9596,main,2026-05-20T10:13:00.173702+00:00,22.284,amateur
a009c836-b4c8-4a47-a46b-0cd2cf428688,c05bd7e5,stim_0014,5,4,18.713,response,0,c05bd7e5,main,2026-05-20T10:13:02.665619+00:00,17.757,semi_pro
a1778c7f-a931-4383-916d-1ec38bbcea37,699f9596,stim_0105,4,1,14.004,response,5,699f9596,main,2026-05-20T10:13:15.032232+00:00,12.29,amateur
5e78dfce-e94c-4394-a4b1-3ffe23bde2b6,c05bd7e5,stim_0118,2,1,22.186,response,1,c05bd7e5,main,2026-05-20T10:13:25.599188+00:00,21.492,semi_pro
e6c62fe9-7b60-4f16-9538-f0f7b2fdc5e9,699f9596,stim_0100,4,4,15.261,response,6,699f9596,main,2026-05-20T10:13:31.048483+00:00,14.535,amateur
aab17d7c-79f7-4aa7-a31d-e8ee69898d8c,699f9596,stim_0027,3,5,9.284,response,7,699f9596,main,2026-05-20T10:13:41.045556+00:00,8.42,amateur
029835c4-7b2a-4d3c-810f-3194e090472f,c05bd7e5,stim_0125,4,5,17.153,response,2,c05bd7e5,main,2026-05-20T10:13:43.524763+00:00,16.454,semi_pro
7a758097-dd78-4b5d-a074-d9b99d176efe,699f9596,stim_0113,2,4,13.264,response,8,699f9596,main,2026-05-20T10:13:55.08839+00:00,12.031,amateur
22862101-fd3a-432c-bad8-2827f7c52218,c05bd7e5,stim_0108,6,4,17.861,response,3,c05bd7e5,main,2026-05-20T10:14:02.147871+00:00,17.244,semi_pro
ca844ec4-c416-4834-93dc-817e981fcbb1,699f9596,stim_0049,4,4,16.274,response,9,699f9596,main,2026-05-20T10:14:12.072627+00:00,15.536,amateur
2ea3d654-0911-47d5-9f4f-7377f5805756,c05bd7e5,stim_0016,6,4,11.588,response,4,c05bd7e5,main,2026-05-20T10:14:14.492743+00:00,10.908,semi_pro
3c7b65c8-fc35-4dbf-819b-7dc8a52d2ac9,699f9596,stim_0043,4,4,18.672,response,10,699f9596,main,2026-05-20T10:14:31.461417+00:00,17.796,amateur
e081fdd0-5071-4a57-8c28-637e6cf52d26,c05bd7e5,stim_0099,3,3,17.285,response,5,c05bd7e5,main,2026-05-20T10:14:32.486531+00:00,16.444,semi_pro
d3a38c96-032a-42ee-868d-c20affbe5992,699f9596,stim_0125,3,5,9.215,response,11,699f9596,main,2026-05-20T10:14:41.450789+00:00,8.269,amateur
c95312d4-ea62-48d1-b743-6a136b424539,699f9596,stim_0101,2,5,11.388,response,12,699f9596,main,2026-05-20T10:14:53.649463+00:00,10.521,amateur
2fb4f065-5e07-4881-8bb5-5c91686a5432,699f9596,stim_0127,3,5,11.587,response,13,699f9596,main,2026-05-20T10:15:05.973144+00:00,10.778,amateur
af4ae393-9976-4828-a517-a1427e2b2c65,c05bd7e5,stim_0029,4,2,45.826,response,6,c05bd7e5,main,2026-05-20T10:15:19.072457+00:00,43.299,semi_pro
28bc0187-9581-46be-abad-d154bc20ec49,699f9596,stim_0098,3,5,18.449,response,14,699f9596,main,2026-05-20T10:15:25.146189+00:00,17.539,amateur
7f58ee84-d37b-4885-a3bd-48d09007d587,c05bd7e5,stim_0054,2,3,10.956,response,7,c05bd7e5,main,2026-05-20T10:15:30.833518+00:00,10.451,semi_pro
40955905-d8c8-4aea-8f0c-be9fdd046403,699f9596,stim_0077,2,5,15.212,response,15,699f9596,main,2026-05-20T10:15:41.135704+00:00,14.186,amateur
32652ee6-c4ea-40d8-bd3a-90c7e81cf344,c05bd7e5,stim_0024,5,4,13.265,response,8,c05bd7e5,main,2026-05-20T10:15:44.893221+00:00,12.462,semi_pro
41bb13d6-20b5-47a0-adc1-e73003e6dc0c,c05bd7e5,stim_0120,4,4,11.291,response,9,c05bd7e5,main,2026-05-20T10:15:56.9154+00:00,10.599,semi_pro
a08a2824-9bcd-4bfc-a44b-dabb2e2ed8ec,699f9596,stim_0099,4,5,15.248,response,16,699f9596,main,2026-05-20T10:15:57.26816+00:00,14.535,amateur
adea752c-1949-4ca8-80c9-6de8ba84025d,c05bd7e5,stim_0081,3,2,18.376,response,10,c05bd7e5,main,2026-05-20T10:16:16.036916+00:00,17.508,semi_pro
5a623663-ad4f-4436-8021-cda427f1a49a,699f9596,stim_0055,5,4,23.474,response,17,699f9596,main,2026-05-20T10:16:21.503291+00:00,22.28,amateur
b47c767b-a104-46dd-a14c-6ec30776d695,c05bd7e5,stim_0020,5,5,15.142,response,11,c05bd7e5,main,2026-05-20T10:16:31.964713+00:00,14.317,semi_pro
e854036a-0aad-4ce4-9d9d-a700928437e4,c05bd7e5,stim_0114,2,3,12.305,response,12,c05bd7e5,main,2026-05-20T10:16:45.021962+00:00,11.662,semi_pro
4a5f73fe-8b63-42fb-acbc-a102b668af76,699f9596,stim_0033,5,5,24.806,response,18,699f9596,main,2026-05-20T10:16:47.125323+00:00,22.282,amateur
18e8be60-53dd-44c6-afb7-7db308376a70,c05bd7e5,stim_0039,2,2,15.177,response,13,c05bd7e5,main,2026-05-20T10:17:00.939592+00:00,14.325,semi_pro
671ac889-ba3a-45fd-a087-bb3e063b7029,699f9596,stim_0009,4,6,17.633,response,19,699f9596,main,2026-05-20T10:17:05.44749+00:00,16.312,amateur
0cdaeeb1-9436-4147-81f0-d5d771618ae7,c05bd7e5,stim_0091,6,4,15.695,response,14,c05bd7e5,main,2026-05-20T10:17:17.391447+00:00,14.858,semi_pro
32c7e56f-366c-4c9f-bbe5-f2eccf10eec1,699f9596,stim_0067,5,2,17.064,response,20,699f9596,main,2026-05-20T10:17:23.220911+00:00,16.039,amateur
6acca219-50fe-4de1-8905-59a8af539fcd,c05bd7e5,stim_0032,5,3,16.358,response,15,c05bd7e5,main,2026-05-20T10:17:34.50091+00:00,15.651,semi_pro
91dfc59b-0249-4978-90ef-8b41345709bf,699f9596,stim_0112,5,6,21.634,response,21,699f9596,main,2026-05-20T10:17:45.606159+00:00,20.798,amateur
8669cec9-fe74-4f3c-8f22-2b73fb7eb621,c05bd7e5,stim_0115,5,3,19.311,response,16,c05bd7e5,main,2026-05-20T10:17:54.552965+00:00,18.575,semi_pro
1cb1ba8e-06c7-4e94-a544-8267a17b09fb,699f9596,stim_0086,5,1,17.668,response,22,699f9596,main,2026-05-20T10:18:03.99822+00:00,16.79,amateur
ec133b17-c22b-45eb-9d5d-c7389a55c69d,c05bd7e5,stim_0116,5,3,15.048,response,17,c05bd7e5,main,2026-05-20T10:18:10.436948+00:00,14.327,semi_pro
93dd3770-660d-40a7-9b0c-23dae01e94d2,699f9596,stim_0108,2,7,13.089,response,23,699f9596,main,2026-05-20T10:18:17.827062+00:00,12.275,amateur
b43061ea-27ca-4244-acd1-7ef9abae4959,699f9596,stim_0005,6,2,20.722,response,24,699f9596,main,2026-05-20T10:18:39.269985+00:00,19.8,amateur
2a3cb100-4125-447f-a982-5518f36d4928,c05bd7e5,stim_0089,3,4,40.173,response,18,c05bd7e5,main,2026-05-20T10:18:51.40813+00:00,37.936,semi_pro
18f38dc4-c289-4fb8-9b19-5e145c8c6275,c05bd7e5,stim_0002,5,4,12.716,response,19,c05bd7e5,main,2026-05-20T10:19:04.861636+00:00,11.937,semi_pro
0016fe16-2b26-4152-9f19-2e66c56a2621,c05bd7e5,stim_0071,6,4,12.758,response,20,c05bd7e5,main,2026-05-20T10:19:18.964011+00:00,12.015,semi_pro
968fdb24-0f2b-4b1f-8f93-2a43273500e1,699f9596,stim_0044,7,6,41.492,response,25,699f9596,main,2026-05-20T10:19:21.572713+00:00,38.308,amateur
8b6ed838-de2f-4c14-9ecc-2ff26188ee3b,699f9596,stim_0032,2,7,13.397,response,26,699f9596,main,2026-05-20T10:19:35.679952+00:00,12.284,amateur
add7de02-93bd-4f7a-8651-9ccca078dcc0,c05bd7e5,stim_0038,4,5,18.039,response,21,c05bd7e5,main,2026-05-20T10:19:37.74092+00:00,17.244,semi_pro
c71549ed-e7f4-4c2b-8d81-3f4189280801,c05bd7e5,stim_0011,3,2,19.014,response,22,c05bd7e5,main,2026-05-20T10:19:57.470012+00:00,18.308,semi_pro
5bfc2837-a233-4cd4-b010-ec554310957c,699f9596,stim_0022,3,3,22.791,response,27,699f9596,main,2026-05-20T10:19:59.278192+00:00,21.808,amateur
eea89ce3-37ff-4f39-8e37-e2d7bd182d0d,c05bd7e5,stim_0080,4,2,11.189,response,23,c05bd7e5,main,2026-05-20T10:20:09.446473+00:00,10.342,semi_pro
f2a485cc-74e0-4a4b-a291-571ed40015be,c05bd7e5,stim_0102,2,1,11.049,response,24,c05bd7e5,main,2026-05-20T10:20:21.411891+00:00,10.34,semi_pro
86a48b2f-3e61-4ac8-a723-eed95455a816,699f9596,stim_0079,5,3,24.216,response,28,699f9596,main,2026-05-20T10:20:24.257444+00:00,22.315,amateur
77f8d226-8c1e-4e34-aa6a-b8481a07c8d0,699f9596,stim_0075,4,7,13.474,response,29,699f9596,main,2026-05-20T10:20:38.481045+00:00,12.319,amateur
a00eb995-c931-4a1e-b8a4-8c1870d0c834,c05bd7e5,stim_0023,5,3,34.73,response,25,c05bd7e5,main,2026-05-20T10:20:57.137749+00:00,32.758,semi_pro
46fbea25-9ede-4bb1-852f-a719fadba4c3,c05bd7e5,stim_0117,5,3,11.128,response,26,c05bd7e5,main,2026-05-20T10:21:08.956786+00:00,10.33,semi_pro
31307352-1392-4277-a34e-ddda16f14742,c05bd7e5,stim_0084,3,6,10.567,response,27,c05bd7e5,main,2026-05-20T10:21:20.251537+00:00,9.808,semi_pro
00e391c2-f3a5-457a-ab2d-ec0ded46dc1d,c05bd7e5,stim_0062,4,6,14.14,response,28,c05bd7e5,main,2026-05-20T10:21:35.124859+00:00,13.518,semi_pro
489d73a6-91a9-4050-a275-dee14856a506,c05bd7e5,stim_0094,3,1,21.619,response,29,c05bd7e5,main,2026-05-20T10:21:57.450159+00:00,20.966,semi_pro
aa3de91d-018d-40ab-a94b-624b6140ccff,0d3dc48d,stim_0109,3,5,32.922,response,0,0d3dc48d,main,2026-05-20T11:35:11.151712+00:00,32.025,amateur
d07822f7-b7e6-489d-ba05-b4efa1bb830e,0d3dc48d,stim_0030,2,5,32.529,response,1,0d3dc48d,main,2026-05-20T11:35:45.915568+00:00,30.834,amateur
aa93b702-e0d8-4abc-8a3e-49d9a76e5e17,0d3dc48d,stim_0039,5,3,16.856,response,2,0d3dc48d,main,2026-05-20T11:36:03.722154+00:00,16.468,amateur
a5d62aa5-276d-4c0d-936a-f68f03a6e0de,0d3dc48d,stim_0117,6,4,32.962,response,3,0d3dc48d,main,2026-05-20T11:36:37.542406+00:00,31.344,amateur
66d21c48-3600-4508-a611-3a2670ee4a97,0d3dc48d,stim_0108,3,6,18.903,response,4,0d3dc48d,main,2026-05-20T11:36:57.22251+00:00,18.592,amateur
d337cca8-a3d0-429d-a25b-fefd8a8d5be4,0d3dc48d,stim_0011,5,3,26.084,response,5,0d3dc48d,main,2026-05-20T11:37:24.061348+00:00,25.397,amateur
ee91a3c7-4918-4e2f-9297-a9eefcee4cb3,afbe9607,stim_0105,2,2,44.437,response,0,afbe9607,main,2026-05-20T11:37:41.700304+00:00,35.93,non_musician
00b097ab-6a49-43dc-a759-655ca6b80f30,0d3dc48d,stim_0091,4,5,16.904,response,6,0d3dc48d,main,2026-05-20T11:37:41.762667+00:00,16.468,amateur
1147aacd-b1a2-4c6d-84cd-52bc1b2f23bd,0d3dc48d,stim_0055,5,5,16.818,response,7,0d3dc48d,main,2026-05-20T11:37:59.325442+00:00,16.469,amateur
1c4a7585-0b20-49da-a9f0-9b20b6abc2d2,afbe9607,stim_0108,2,3,17.087,response,1,afbe9607,main,2026-05-20T11:37:59.673087+00:00,16.438,non_musician
e63417c9-54b0-4b33-83ca-20877a633243,afbe9607,stim_0044,3,3,17.93,response,2,afbe9607,main,2026-05-20T11:38:18.465954+00:00,17.192,non_musician
ab135183-e701-4561-9dc9-69cd888264c6,0d3dc48d,stim_0115,4,3,19.402,response,8,0d3dc48d,main,2026-05-20T11:38:19.468459+00:00,18.859,amateur
1ff03d2c-c921-43d9-8da3-ba761a9d1b9f,afbe9607,stim_0037,4,3,8.031,response,3,afbe9607,main,2026-05-20T11:38:27.318787+00:00,7.421,non_musician
29285d9a-ac91-4b23-8e65-bda235b87e84,afbe9607,stim_0005,3,2,13.471,response,4,afbe9607,main,2026-05-20T11:38:41.665994+00:00,12.686,non_musician
39be20e3-fc38-48fd-8141-58efd0846476,0d3dc48d,stim_0096,4,4,21.844,response,9,0d3dc48d,main,2026-05-20T11:38:42.001299+00:00,21.514,amateur
c432e50d-322d-4dff-a175-77ea335bc6e6,0d3dc48d,stim_0099,3,5,16.813,response,10,0d3dc48d,main,2026-05-20T11:38:59.555812+00:00,16.469,amateur
2e50bedc-755e-4c8b-be40-c0fa8d922b78,afbe9607,stim_0032,3,4,28.222,response,5,afbe9607,main,2026-05-20T11:39:10.761995+00:00,26.366,non_musician
c4fec77c-d41d-4154-9c8f-a4cf7c5da097,0d3dc48d,stim_0089,4,5,18.774,response,11,0d3dc48d,main,2026-05-20T11:39:19.080642+00:00,18.328,amateur
41dcef64-d4a4-449d-8982-f6efa48bc530,0d3dc48d,stim_0029,5,3,20.261,response,12,0d3dc48d,main,2026-05-20T11:39:40.122298+00:00,19.922,amateur
c3839c0b-304e-4b86-a098-63962582235f,afbe9607,stim_0065,3,3,48.937,response,6,afbe9607,main,2026-05-20T11:40:00.43846+00:00,29.634,non_musician
508afa2b-7efd-4455-ba79-42f2e28074a9,0d3dc48d,stim_0098,6,3,20.847,response,13,0d3dc48d,main,2026-05-20T11:40:01.680539+00:00,20.453,amateur
dd3322be-56d6-4671-b908-8835a74464e1,afbe9607,stim_0110,3,3,19.018,response,7,afbe9607,main,2026-05-20T11:40:20.217644+00:00,18.199,non_musician
e3a1b93c-88ec-424d-8cad-35f846e2ec50,0d3dc48d,stim_0052,6,3,19.666,response,14,0d3dc48d,main,2026-05-20T11:40:22.051092+00:00,19.124,amateur
0bfdaa6b-4210-45b3-af68-357f06957824,afbe9607,stim_0098,2,2,10.848,response,8,afbe9607,main,2026-05-20T11:40:31.76944+00:00,10.176,non_musician
b66d7dcf-e56b-40b4-b243-900adeb1447a,0d3dc48d,stim_0023,5,4,17.734,response,15,0d3dc48d,main,2026-05-20T11:40:40.482234+00:00,17.265,amateur
4fca6b07-f38a-442a-b772-ab852c03183f,afbe9607,stim_0069,3,3,17.062,response,9,afbe9607,main,2026-05-20T11:40:49.761399+00:00,16.45,non_musician
8edc3b7c-fe8b-4bb8-a07e-fbbd211f501c,0d3dc48d,stim_0065,4,5,17.693,response,16,0d3dc48d,main,2026-05-20T11:40:58.951301+00:00,17.265,amateur
c58c2aec-fa21-4031-8eef-2b8e36053bf1,afbe9607,stim_0057,4,4,13.762,response,10,afbe9607,main,2026-05-20T11:41:04.404388+00:00,13.182,non_musician
a15f7e97-5c30-4736-86db-0a22c0ad0943,0d3dc48d,stim_0122,6,3,20.277,response,17,0d3dc48d,main,2026-05-20T11:41:19.931324+00:00,19.922,amateur
67fe51fb-6857-4d47-a11e-4a9f7ca9d306,afbe9607,stim_0084,4,4,15.337,response,11,afbe9607,main,2026-05-20T11:41:20.656958+00:00,14.684,non_musician
0e283fac-f3d5-4deb-9bb7-ca159473c19e,afbe9607,stim_0118,2,1,13.151,response,12,afbe9607,main,2026-05-20T11:41:34.606974+00:00,12.438,non_musician
e6c0b1cb-9d4f-4b3d-af5a-7c4f3cc1fbdf,afbe9607,stim_0024,3,3,6.759,response,13,afbe9607,main,2026-05-20T11:41:42.133139+00:00,6.168,non_musician
65ae4521-549a-472a-9744-ce8e38ca1a47,0d3dc48d,stim_0001,5,3,41.817,response,18,0d3dc48d,main,2026-05-20T11:42:02.588518+00:00,38.8,amateur
576b25a7-e2d7-48dd-947b-31bba644ae7e,afbe9607,stim_0082,2,2,29.416,response,14,afbe9607,main,2026-05-20T11:42:12.443055+00:00,28.203,non_musician
bda7b66e-f4ff-48d0-a198-492c13e5ba8c,0d3dc48d,stim_0058,4,5,17.561,response,19,0d3dc48d,main,2026-05-20T11:42:21.115605+00:00,17.264,amateur
9d3f243f-55d5-4008-acdb-c08be3d84201,afbe9607,stim_0126,2,2,8.492,response,15,afbe9607,main,2026-05-20T11:42:21.869464+00:00,7.669,non_musician
6c24154d-847c-41e5-83c0-58708a2017e6,afbe9607,stim_0022,2,2,9.889,response,16,afbe9607,main,2026-05-20T11:42:32.535884+00:00,9.26,non_musician
885c8215-649b-4eb8-a271-c6bd3a6053d2,afbe9607,stim_0101,4,4,2.466,response,17,afbe9607,main,2026-05-20T11:42:35.734847+00:00,1.741,non_musician
3127ecea-c74a-4c13-ba47-5cc977d1fd32,0d3dc48d,stim_0033,4,4,19.525,response,20,0d3dc48d,main,2026-05-20T11:42:41.443579+00:00,19.127,amateur
a907a37e-20d1-465f-b74a-b7f29b198f10,afbe9607,stim_0067,2,2,13.068,response,18,afbe9607,main,2026-05-20T11:42:49.528271+00:00,12.432,non_musician
53bc80e5-126a-43ed-a89e-246159e7c11c,0d3dc48d,stim_0067,3,5,16.954,response,21,0d3dc48d,main,2026-05-20T11:42:59.091179+00:00,16.469,amateur
971dd786-0f18-45a7-b788-62e757a1c37c,afbe9607,stim_0077,2,3,17.333,response,19,afbe9607,main,2026-05-20T11:43:07.829052+00:00,16.692,non_musician
ca4c4408-c19f-414b-bd43-5f574b2ac3f4,0d3dc48d,stim_0103,4,5,17.043,response,22,0d3dc48d,main,2026-05-20T11:43:16.824262+00:00,16.735,amateur
7b74cd54-b9f5-41e4-8929-5bef5d3b8576,afbe9607,stim_0073,2,3,15.435,response,20,afbe9607,main,2026-05-20T11:43:24.220159+00:00,14.688,non_musician
d7dd293f-f039-415b-99a9-aab6d0c6487e,0d3dc48d,stim_0018,5,4,17.103,response,23,0d3dc48d,main,2026-05-20T11:43:34.685027+00:00,16.735,amateur
ba9d2444-e613-4fa7-9840-8a7897c60ccf,afbe9607,stim_0089,2,3,10.058,response,21,afbe9607,main,2026-05-20T11:43:35.058666+00:00,9.431,non_musician
5c269b62-2109-4558-949d-92eb646a3f17,0d3dc48d,stim_0032,2,5,16.69,response,24,0d3dc48d,main,2026-05-20T11:43:52.096159+00:00,16.203,amateur
154536ee-9a7a-44b3-bfa2-5ea2ee8093ec,afbe9607,stim_0071,2,3,20.933,response,22,afbe9607,main,2026-05-20T11:43:56.842029+00:00,19.952,non_musician
7cf042a0-6487-430b-92e1-59dfc1c42cb3,0d3dc48d,stim_0003,5,3,15.97,response,25,0d3dc48d,main,2026-05-20T11:44:08.803025+00:00,15.405,amateur
ad0a9dc0-6c62-41b7-9056-eefef3bc8115,afbe9607,stim_0083,4,3,14.632,response,23,afbe9607,main,2026-05-20T11:44:12.350948+00:00,13.938,non_musician
d1159bfe-80bf-470b-8929-27e51adf3b47,afbe9607,stim_0040,3,3,7.447,response,24,afbe9607,main,2026-05-20T11:44:20.545394+00:00,6.668,non_musician
fa54b892-c39b-4e1c-a008-70ba7257d79f,0d3dc48d,stim_0101,6,4,21.459,response,26,0d3dc48d,main,2026-05-20T11:44:31.014045+00:00,20.984,amateur
dba25f89-5d21-4b5a-b0d2-2b592a26fc6b,afbe9607,stim_0122,5,4,11.859,response,25,afbe9607,main,2026-05-20T11:44:33.158132+00:00,11.184,non_musician
0a8c82f9-b63e-4c47-898d-3e8c5ecbcec2,afbe9607,stim_0087,3,3,5.276,response,26,afbe9607,main,2026-05-20T11:44:39.128398+00:00,4.661,non_musician
23fc6336-ee4f-4f72-ba2e-9c4879547a6d,0d3dc48d,stim_0079,5,2,15.44,response,27,0d3dc48d,main,2026-05-20T11:44:47.134088+00:00,15.141,amateur
1319a5e4-4b8d-4c4b-affb-d03634c99e07,afbe9607,stim_0120,4,4,9.079,response,27,afbe9607,main,2026-05-20T11:44:48.968469+00:00,8.422,non_musician
29153a87-64e4-40fe-853c-18a1779ad406,0d3dc48d,stim_0084,5,3,16.855,response,28,0d3dc48d,main,2026-05-20T11:45:04.720795+00:00,16.467,amateur
4a3c0a0a-b55e-4681-bf7f-34143cf7174d,afbe9607,stim_0114,2,3,15.286,response,28,afbe9607,main,2026-05-20T11:45:05.164968+00:00,14.685,non_musician
b3bc43a4-2e4a-401f-8bfd-fd315ca4c1a7,0d3dc48d,stim_0024,6,2,17.036,response,29,0d3dc48d,main,2026-05-20T11:45:22.466194+00:00,16.733,amateur
5063fabc-8fa5-4950-b410-488ebce1f51e,afbe9607,stim_0015,2,3,22.661,response,29,afbe9607,main,2026-05-20T11:45:28.700129+00:00,21.556,non_musician
f07bed7e-bca3-4038-9fe3-3f1403e6341c,55e2ed21,stim_0057,5,4,17.153,response,0,55e2ed21,main,2026-05-21T14:09:32.734431+00:00,16.735,pro
8c484d91-01a3-4c6a-926a-face9bdeb07c,55e2ed21,stim_0110,3,2,12.899,response,1,55e2ed21,main,2026-05-21T14:09:47.747975+00:00,12.553,pro
e8b27f31-649d-478f-9c54-1fa006aa172f,55e2ed21,stim_0091,1,2,15.734,response,2,55e2ed21,main,2026-05-21T14:10:04.238166+00:00,15.409,pro
889f9f14-407c-4e08-a037-a422ce0f1b2b,4d1278ea,stim_0072,4,3,19.707,response,0,4d1278ea,main,2026-05-21T14:10:06.362829+00:00,18.84,amateur
e69c98bd-215e-4dfa-9b6a-04c063bea224,4d1278ea,stim_0079,5,3,21.035,response,1,4d1278ea,main,2026-05-21T14:10:28.170957+00:00,20.33,amateur
2b2b82f5-79e5-4341-8ba0-856a67a44b29,4d1278ea,stim_0081,4,4,44.996,response,2,4d1278ea,main,2026-05-21T14:11:13.941415+00:00,42.112,amateur
3b2f41d2-c2fb-46a4-b0c9-02f002976ed2,4d1278ea,stim_0011,5,2,15.392,response,3,4d1278ea,main,2026-05-21T14:11:30.516332+00:00,14.564,amateur
049e999b-0ad0-46d1-ad4a-5f038fad175c,4d1278ea,stim_0020,5,4,9.166,response,4,4d1278ea,main,2026-05-21T14:11:40.462075+00:00,8.293,amateur
8121f105-aa52-4281-a207-df87ff5854b6,4d1278ea,stim_0070,3,2,12.855,response,5,4d1278ea,main,2026-05-21T14:11:54.0944+00:00,12.052,amateur
9cebcbc9-b543-415e-8bb3-2bed223f43d3,9bff626b,stim_0081,2,1,28.195,response,0,9bff626b,main,2026-05-21T14:12:07.790485+00:00,22.31,amateur
f0363a0f-86fd-46a3-a005-a42ed12f32c0,9bff626b,stim_0125,3,1,26.501,response,1,9bff626b,main,2026-05-21T14:12:35.109288+00:00,22.411,amateur
b330e964-5691-4ab8-9152-bd252b3370df,4d1278ea,stim_0013,3,4,42.368,response,6,4d1278ea,main,2026-05-21T14:12:37.2244+00:00,39.339,amateur
be67be8a-20c9-4086-a9a5-1304cd32708e,4d1278ea,stim_0102,4,4,14.594,response,7,4d1278ea,main,2026-05-21T14:12:52.56309+00:00,13.81,amateur
6212e252-b8ce-431b-940a-a384d2f3f0b5,4d1278ea,stim_0106,5,3,16.966,response,8,4d1278ea,main,2026-05-21T14:13:10.293637+00:00,16.071,amateur
228a42b5-e75a-4c37-8af8-26f2d7845873,4d1278ea,stim_0101,3,4,15.997,response,9,4d1278ea,main,2026-05-21T14:13:27.15262+00:00,15.063,amateur
1e93f575-18b8-4542-b250-ad7ff77dc59c,4d1278ea,stim_0004,4,3,12.764,response,10,4d1278ea,main,2026-05-21T14:13:40.917348+00:00,12.053,amateur
697416ce-f865-4f0e-bc14-3a6c09c9080b,4d1278ea,stim_0074,3,4,19.567,response,11,4d1278ea,main,2026-05-21T14:14:01.341417+00:00,18.583,amateur
0106b69e-47a5-46d6-98b1-462a84db3463,4d1278ea,stim_0108,3,5,18.268,response,12,4d1278ea,main,2026-05-21T14:14:20.383658+00:00,17.317,amateur
1119bc3d-94c3-460f-b05a-e4d26d3ac3ee,4d1278ea,stim_0122,5,3,8.544,response,13,4d1278ea,main,2026-05-21T14:14:29.654038+00:00,7.788,amateur
9ad117fb-7882-4b4e-b831-b41badd1058b,4d1278ea,stim_0114,3,3,24.605,response,14,4d1278ea,main,2026-05-21T14:14:54.95104+00:00,22.277,amateur
d213e33c-84bf-4524-8b6a-a86a77fc0d36,4d1278ea,stim_0119,4,3,54.974,response,15,4d1278ea,main,2026-05-21T14:15:50.784209+00:00,44.646,amateur
53e0e0fe-a8ef-4891-aba3-71ae2d230d0a,4d1278ea,stim_0039,5,3,11.967,response,16,4d1278ea,main,2026-05-21T14:16:03.784635+00:00,11.052,amateur
f2e00422-9e62-4c17-a114-4e45227b1709,4d1278ea,stim_0093,4,5,13.209,response,17,4d1278ea,main,2026-05-21T14:16:17.723276+00:00,12.301,amateur
27bca4c7-22ff-433e-b21a-0fdc5b2c66b2,4d1278ea,stim_0050,3,5,10.15,response,18,4d1278ea,main,2026-05-21T14:16:28.588685+00:00,9.293,amateur
a3deca08-dc5e-4388-a832-cd7d2ab5545f,4d1278ea,stim_0062,4,5,15.175,response,19,4d1278ea,main,2026-05-21T14:16:44.579687+00:00,14.316,amateur
e5d0a71c-4e47-4e7c-9987-bd3be7be7b07,4d1278ea,stim_0091,4,5,9.747,response,20,4d1278ea,main,2026-05-21T14:16:55.117303+00:00,9.043,amateur
02f8227c-3cc2-4a04-b8b4-891a7479348d,4d1278ea,stim_0071,4,5,10.842,response,21,4d1278ea,main,2026-05-21T14:17:06.760257+00:00,10.048,amateur
29f12225-48d9-4be4-9120-e416507cc49c,4d1278ea,stim_0041,4,4,12.618,response,22,4d1278ea,main,2026-05-21T14:17:20.214023+00:00,11.808,amateur
bedf05d6-2ea7-4036-9586-8ae70680f0f1,4d1278ea,stim_0015,4,4,16.886,response,23,4d1278ea,main,2026-05-21T14:17:37.892325+00:00,16.074,amateur
afaf5023-f4ae-4ecc-83c3-bd152c7ae486,4d1278ea,stim_0060,5,4,10.357,response,24,4d1278ea,main,2026-05-21T14:17:48.966206+00:00,9.546,amateur
b6250795-c8d5-49a2-8fc5-6de70502be13,4d1278ea,stim_0009,5,4,14.093,response,25,4d1278ea,main,2026-05-21T14:18:03.738022+00:00,13.31,amateur
7ea28692-2eb7-4f21-8815-1323f7df4ac7,4d1278ea,stim_0003,4,5,13.983,response,26,4d1278ea,main,2026-05-21T14:18:18.517855+00:00,13.059,amateur
53be6b58-5886-43aa-8230-e2bcf94204f9,4d1278ea,stim_0059,4,4,41.125,response,27,4d1278ea,main,2026-05-21T14:19:00.399154+00:00,39.097,amateur
c7ee3a39-a2cd-476f-959b-04d8c98c06f5,4d1278ea,stim_0038,5,5,17.004,response,28,4d1278ea,main,2026-05-21T14:19:18.267805+00:00,16.063,amateur
7c1b45e0-eccb-426f-9956-c51f7ed18537,4d1278ea,stim_0094,2,2,39.961,response,29,4d1278ea,main,2026-05-21T14:19:58.930388+00:00,35.825,amateur
9f959f42-e7be-4726-aa49-7333d1b386f9,4c140eab,stim_0032,3,2,29.397,response,0,4c140eab,main,2026-05-21T15:05:01.093483+00:00,22.08,amateur
f796f790-9e60-4075-a7ef-a18d651b68d8,4c140eab,stim_0058,2,1,44.573,response,1,4c140eab,main,2026-05-21T15:05:47.603682+00:00,41.53,amateur
382f315e-074d-42cb-9e11-183c937813bd,4c140eab,stim_0022,2,3,43.29,response,2,4c140eab,main,2026-05-21T15:06:31.964924+00:00,40.287,amateur
c6d1c65d-cffb-4bca-9be1-460f43ed9e40,4c140eab,stim_0037,1,5,43.597,response,3,4c140eab,main,2026-05-21T15:07:16.482268+00:00,38.737,amateur
66589388-40a1-418e-9ccc-91c9027e9b5a,4c140eab,stim_0007,2,5,69.857,response,4,4c140eab,main,2026-05-21T15:08:27.412523+00:00,61.303,amateur
dc1bb6bd-ddc6-4dc5-8447-3fbacf3a1e32,4c140eab,stim_0062,4,4,43.221,response,5,4c140eab,main,2026-05-21T15:09:11.54864+00:00,40.844,amateur
f395f419-ad14-49a4-83bb-cb93f46d892a,4c140eab,stim_0126,3,1,41.318,response,6,4c140eab,main,2026-05-21T15:09:53.759331+00:00,38.943,amateur
e45d0cc1-2141-4d39-a068-f75afe69a00a,4c140eab,stim_0110,4,2,55.33,response,7,4c140eab,main,2026-05-21T15:10:50.149743+00:00,44.82,amateur
1cb5461c-ce8b-4dfb-9742-8ea1391fe3a4,4c140eab,stim_0116,1,5,48.335,response,8,4c140eab,main,2026-05-21T15:11:39.562622+00:00,43.709,amateur
8047e7f1-bfde-4819-81ef-edee1f926ed1,4c140eab,stim_0073,2,5,61.983,response,9,4c140eab,main,2026-05-21T15:12:42.496975+00:00,37.673,amateur
2e30ad4b-dcea-451c-b3d7-3bc254512c20,4c140eab,stim_0038,5,2,44.885,response,10,4c140eab,main,2026-05-21T15:13:28.208444+00:00,42.06,amateur
238a9028-245c-4d8d-b03c-08ea8e1ebdd9,4c140eab,stim_0028,5,3,21.494,response,0,4c140eab,main,2026-05-21T15:53:00.937946+00:00,20.405,amateur
6315a801-d55d-4d1f-9f4c-94fc54f601ee,4c140eab,stim_0099,4,4,43.862,response,1,4c140eab,main,2026-05-21T15:53:46.774159+00:00,41.118,amateur
9fd84528-88a1-4092-8fec-9315ea826046,4c140eab,stim_0105,2,4,24.3,response,2,4c140eab,main,2026-05-21T15:54:12.368681+00:00,22.07,amateur
6f9f6d28-99a4-418d-bfd7-3ca6f02a7498,4c140eab,stim_0083,4,5,46.831,response,3,4c140eab,main,2026-05-21T15:55:00.437497+00:00,41.831,amateur
cf39cf1a-c245-4887-a2d7-51f3d3946036,4c140eab,stim_0002,4,4,43.702,response,4,4c140eab,main,2026-05-21T15:55:45.17752+00:00,40.946,amateur
cb01cc34-301f-4f53-bf7c-323ffedc1238,4c140eab,stim_0124,5,2,56.202,response,5,4c140eab,main,2026-05-21T15:56:42.369849+00:00,41.452,amateur
3385ac63-572a-4953-9c6b-cbcb7723677e,4c140eab,stim_0072,5,1,41.766,response,6,4c140eab,main,2026-05-21T15:57:26.327362+00:00,39.486,amateur
2236111c-4a72-46d1-96ea-50ada4284f14,4c140eab,stim_0039,2,5,101.568,response,7,4c140eab,main,2026-05-21T15:59:09.003948+00:00,85.869,amateur
f4208934-e344-47bb-af25-c13b95d31d7f,4c140eab,stim_0103,4,3,42.749,response,8,4c140eab,main,2026-05-21T15:59:52.628359+00:00,40.845,amateur
243ec697-c123-4c2c-83c1-063d570d1ea2,4c140eab,stim_0089,2,5,44.952,response,9,4c140eab,main,2026-05-21T16:00:38.755494+00:00,40.523,amateur
ba24a6bd-9833-44cf-8fbd-c5b3b6112f18,4c140eab,stim_0094,2,1,41.226,response,10,4c140eab,main,2026-05-21T16:01:20.956465+00:00,38.672,amateur
850e451a-d9bc-4823-b782-517738c8dcf1,4c140eab,stim_0021,5,4,92.205,response,11,4c140eab,main,2026-05-21T16:02:54.369009+00:00,83.314,amateur
c1ddbe85-e807-458d-bc9c-aa1afc116926,4c140eab,stim_0041,3,6,65.246,response,12,4c140eab,main,2026-05-21T16:04:00.666723+00:00,60.481,amateur
35529c6a-732c-47da-b9c5-dc290b302fb9,4c140eab,stim_0019,1,6,66.562,response,13,4c140eab,main,2026-05-21T16:05:08.336489+00:00,60.752,amateur
747658f2-370d-4be3-bdf2-bd93dc0d0a43,4c140eab,stim_0062,2,5,65.04,response,14,4c140eab,main,2026-05-21T16:06:14.522848+00:00,60.756,amateur
e9a2f055-3825-4bd8-bd2b-5712ce3fe4e0,4c140eab,stim_0017,4,4,79.291,response,15,4c140eab,main,2026-05-21T16:07:34.895626+00:00,61.209,amateur
483ebe63-1fd0-411f-a250-07f075a888d7,4c140eab,stim_0096,6,1,41.57,response,16,4c140eab,main,2026-05-21T16:08:17.675525+00:00,38.781,amateur
752c05cc-b269-4d77-b5ab-f6ad8819b2a1,4c140eab,stim_0095,6,2,41.34,response,17,4c140eab,main,2026-05-21T16:08:59.871988+00:00,38.531,amateur
9aac8c12-c4ce-4293-b6ee-1816263487f5,4c140eab,stim_0087,3,6,114.012,response,18,4c140eab,main,2026-05-21T16:10:54.72057+00:00,105.732,amateur
c1adb153-ab44-4123-9f5e-306b91bb4ebe,4c140eab,stim_0102,4,1,44.175,response,19,4c140eab,main,2026-05-21T16:11:39.696+00:00,39.011,amateur
c4cf03c8-e1a0-47fa-88f5-59b1aa22d36d,4c140eab,stim_0119,3,2,66.683,response,20,4c140eab,main,2026-05-21T16:12:47.363166+00:00,61.569,amateur
656ba079-ff4a-42a6-b1f6-1f29a8a2f306,4c140eab,stim_0001,4,3,67.957,response,21,4c140eab,main,2026-05-21T16:13:57.366412+00:00,60.823,amateur
243b887d-9c22-46b5-960b-d9f7b016d128,4c140eab,stim_0059,3,2,105.311,response,22,4c140eab,main,2026-05-21T16:15:43.841345+00:00,97.612,amateur
b2e331e3-3971-48b3-a990-01d8892d9a16,4c140eab,stim_0101,1,6,42.661,response,23,4c140eab,main,2026-05-21T16:16:27.740946+00:00,39.786,amateur
9b6114cf-cfcc-452a-b2db-ebc8bb65d18d,4c140eab,stim_0046,3,5,68.164,response,24,4c140eab,main,2026-05-21T16:17:37.811407+00:00,61.83,amateur
852431df-e38e-4127-835a-60d3a1e45915,4c140eab,stim_0074,2,2,68.375,response,25,4c140eab,main,2026-05-21T16:18:47.18258+00:00,64.112,amateur
9d7cbfb0-06a4-473e-8bd9-4e772fe852a1,f7b581e6,stim_0016,5,3,28.148,response,0,f7b581e6,main,2026-05-21T16:19:47.177289+00:00,24.977,amateur
b7734673-b311-474e-bbe5-af617e12f06c,4c140eab,stim_0071,3,5,65.878,response,26,4c140eab,main,2026-05-21T16:19:54.112337+00:00,61.402,amateur
ea4aca37-c167-4943-a528-6104a689e713,f7b581e6,stim_0003,5,4,16.689,response,1,f7b581e6,main,2026-05-21T16:20:04.636908+00:00,16.203,amateur
6c9cb0c0-86b4-45fe-9fed-04a1aacff7b9,f7b581e6,stim_0037,5,4,9.35,response,2,f7b581e6,main,2026-05-21T16:20:14.696865+00:00,8.752,amateur
4f6115df-936a-455d-ae39-d86712af106d,f7b581e6,stim_0077,4,5,7.567,response,3,f7b581e6,main,2026-05-21T16:20:23.01877+00:00,7.182,amateur
fb41452e-69dc-4604-a1cd-d086bdabb06d,f7b581e6,stim_0115,5,3,9.12,response,4,f7b581e6,main,2026-05-21T16:20:32.937749+00:00,8.766,amateur
67534451-602a-4c6e-9e79-e3232c3c5494,f7b581e6,stim_0083,3,5,11.979,response,5,f7b581e6,main,2026-05-21T16:20:45.636621+00:00,11.695,amateur
76a73e97-0cd3-4f4b-a0fd-747cc072cb40,f7b581e6,stim_0119,5,2,11.782,response,6,f7b581e6,main,2026-05-21T16:20:58.163711+00:00,11.425,amateur
0da824fb-ba49-4919-be5d-d00cf2660923,4c140eab,stim_0057,4,4,67.515,response,27,4c140eab,main,2026-05-21T16:21:02.423802+00:00,60.867,amateur
004abe1e-d5b1-4488-9743-bb3c37c0ba42,f7b581e6,stim_0059,3,3,14.089,response,7,f7b581e6,main,2026-05-21T16:21:13.037566+00:00,13.542,amateur
48d6b0a3-b55f-44de-a860-823ea2c47431,4c140eab,stim_0106,6,2,44.775,response,28,4c140eab,main,2026-05-21T16:21:48.034065+00:00,40.834,amateur
6f162917-8ffe-49b2-965a-ed2d7efb27cd,4c140eab,stim_0092,6,2,66.71,response,29,4c140eab,main,2026-05-21T16:22:56.016995+00:00,62.658,amateur
5bfe4562-7343-4a8c-8545-8e7d67e0b1de,08228355,stim_0071,3,2,10.567,response,0,08228355,main,2026-05-22T12:44:03.554204+00:00,9.994,amateur
14114073-4dd1-4047-9bdf-b518c4375f32,08228355,stim_0077,3,4,41.045,response,1,08228355,main,2026-05-22T12:44:46.927904+00:00,38.936,amateur
3a463951-8391-42fe-a7c2-6b10c5b828fb,08228355,stim_0032,4,3,16.673,response,2,08228355,main,2026-05-22T12:45:04.410917+00:00,16.206,amateur
4d87bc07-8e99-47c5-8749-41d27ec12c1e,08228355,stim_0099,4,3,26.65,response,3,08228355,main,2026-05-22T12:45:32.069622+00:00,22.189,amateur
c777d4d9-adde-4de0-ba6e-8d9965faf718,08228355,stim_0037,4,3,20.987,response,4,08228355,main,2026-05-22T12:45:53.912696+00:00,20.443,amateur
a84a4995-d183-4168-a2f2-64c04c9cf207,08228355,stim_0026,1,4,32.454,response,5,08228355,main,2026-05-22T12:46:27.27816+00:00,30.418,amateur
142f7219-06ea-43b2-b3c0-3f7a50180419,08228355,stim_0122,5,4,17.031,response,6,08228355,main,2026-05-22T12:46:45.237213+00:00,16.482,amateur
9c3c05eb-b5cb-45b3-92d3-d7c6d6215bfa,08228355,stim_0062,5,4,24.698,response,7,08228355,main,2026-05-22T12:47:10.721734+00:00,22.183,amateur
98566935-b6f0-421c-8281-6e0e31fbce67,08228355,stim_0075,4,3,11.687,response,8,08228355,main,2026-05-22T12:47:23.300426+00:00,11.166,amateur
bfa287b6-c611-44c8-99b8-dbb273104bb6,08228355,stim_0119,3,2,18.981,response,9,08228355,main,2026-05-22T12:47:43.059938+00:00,18.584,amateur
bc8a89cb-ddf4-46df-9c2e-4e31cb7b2783,08228355,stim_0054,2,3,19.681,response,10,08228355,main,2026-05-22T12:48:03.540805+00:00,19.138,amateur
13ecca66-091b-40b3-a55d-0f2ec5f95f42,08228355,stim_0020,4,4,10.186,response,11,08228355,main,2026-05-22T12:48:14.547975+00:00,9.818,amateur
3555966f-676a-4090-9e82-7501b376d297,08228355,stim_0105,3,3,16.922,response,12,08228355,main,2026-05-22T12:48:32.20504+00:00,16.473,amateur
20212097-a417-4ffc-8e7d-5440e5716eff,08228355,stim_0094,2,1,9.007,response,13,08228355,main,2026-05-22T12:48:41.925865+00:00,8.492,amateur
ff11a3a9-5531-4d67-9b5c-5ff3875f0aca,08228355,stim_0126,2,2,12.997,response,14,08228355,main,2026-05-22T12:48:55.78217+00:00,12.484,amateur
54662132-2609-4397-a058-a24a41763568,08228355,stim_0021,4,3,9.14,response,15,08228355,main,2026-05-22T12:49:05.778255+00:00,8.76,amateur
718ce583-79ef-4ba8-91a2-4bd13602322e,08228355,stim_0081,2,2,13.045,response,16,08228355,main,2026-05-22T12:49:19.624021+00:00,12.496,amateur
ac84ecf8-6fa6-4a5e-ae8a-e0f5e81cfaba,08228355,stim_0108,3,5,21.927,response,17,08228355,main,2026-05-22T12:49:42.40841+00:00,21.522,amateur
85aea7b5-33e0-4370-9235-9d742cf142df,08228355,stim_0089,4,4,9.056,response,18,08228355,main,2026-05-22T12:49:52.310676+00:00,8.502,amateur
b7c1415c-1518-4471-bf2f-d9b392f20644,08228355,stim_0118,2,1,13.979,response,19,08228355,main,2026-05-22T12:50:07.052669+00:00,13.529,amateur
6a210e04-d644-42ca-ae4a-1abc5f9266df,08228355,stim_0052,2,2,8.494,response,20,08228355,main,2026-05-22T12:50:16.31344+00:00,7.966,amateur
22fcf015-8a6e-438d-ba8d-e2446882ace8,08228355,stim_0001,3,2,14.107,response,21,08228355,main,2026-05-22T12:50:31.20737+00:00,13.55,amateur
85c41fc7-9b21-437b-baa0-0e28434715de,08228355,stim_0059,2,3,13.618,response,22,08228355,main,2026-05-22T12:50:45.75805+00:00,13.284,amateur
0e0005ac-9434-4471-bddb-de465660527f,08228355,stim_0107,4,4,14.452,response,23,08228355,main,2026-05-22T12:51:00.977305+00:00,14.077,amateur
e711c851-4f71-4d78-8bad-12c0189c0a59,08228355,stim_0017,4,3,11.047,response,24,08228355,main,2026-05-22T12:51:12.995037+00:00,10.617,amateur
42b115e8-5773-4d4b-b8c2-7e7c918d30a7,08228355,stim_0027,5,3,13.64,response,25,08228355,main,2026-05-22T12:51:27.763486+00:00,13.286,amateur
8b3375f0-5868-4a6e-a7cf-4e8688dc1fe0,08228355,stim_0086,3,1,17.293,response,26,08228355,main,2026-05-22T12:51:45.903188+00:00,16.749,amateur
ab90b5a8-542c-49fc-9cf0-47a3a057b73e,08228355,stim_0041,6,4,16.656,response,27,08228355,main,2026-05-22T12:52:03.350131+00:00,16.199,amateur
8e3a0f02-9f12-451e-b09d-ed630b449fb8,08228355,stim_0016,6,4,13.114,response,28,08228355,main,2026-05-22T12:52:17.267502+00:00,12.745,amateur
a0e6e21b-28b8-4ebb-ba7d-4e33bac52edf,08228355,stim_0114,3,2,29.781,response,29,08228355,main,2026-05-22T12:52:48.026071+00:00,28.317,amateur
8248338b-3cd7-4fb5-be1a-e03802c4f8a4,cc25909c,stim_0026,2,2,15.178,response,0,cc25909c,main,2026-05-23T08:37:15.07875+00:00,14.086,non_musician
ecc42d5d-659a-4a16-a563-245b24494b93,cc25909c,stim_0039,3,2,10.146,response,1,cc25909c,main,2026-05-23T08:37:27.3086+00:00,9.84,non_musician
20c1791f-ea48-4845-910c-2da3fea9c2ee,cc25909c,stim_0080,4,4,4.708,response,2,cc25909c,main,2026-05-23T08:37:32.98747+00:00,4.257,non_musician
4e8a6b0e-5625-42ad-9dd4-8b5322f55e36,cc25909c,stim_0048,3,5,10.253,response,3,cc25909c,main,2026-05-23T08:37:44.195271+00:00,9.83,non_musician
56bcc076-f489-4d35-9322-c98d62284a8c,cc25909c,stim_0101,4,5,6.934,response,4,cc25909c,main,2026-05-23T08:37:53.067524+00:00,6.643,non_musician
3496758c-2345-4635-98e3-ccd243569f47,cc25909c,stim_0041,5,5,8.364,response,5,cc25909c,main,2026-05-23T08:38:03.00413+00:00,7.971,non_musician
b7bb260e-8080-480c-8d74-4a9619249db2,cc25909c,stim_0125,2,3,10.141,response,6,cc25909c,main,2026-05-23T08:38:13.980273+00:00,9.831,non_musician
93869944-d277-4322-b17d-d5441ba7c787,cc25909c,stim_0005,2,3,9.74,response,7,cc25909c,main,2026-05-23T08:38:24.669375+00:00,9.298,non_musician
5205430b-d097-4b61-bc85-180f3161b6d0,cc25909c,stim_0022,2,2,14.969,response,8,cc25909c,main,2026-05-23T08:38:40.523329+00:00,14.607,non_musician
16673a50-cde0-4401-8d2a-2bc08b8a0d65,cc25909c,stim_0103,2,2,10.786,response,9,cc25909c,main,2026-05-23T08:38:52.233892+00:00,10.36,non_musician
a41c6428-9830-4624-a8f9-fa1452633be8,cc25909c,stim_0004,4,4,7.433,response,10,cc25909c,main,2026-05-23T08:39:00.512255+00:00,6.91,non_musician
46a22712-c9c9-4612-af93-352585e9701d,cc25909c,stim_0065,3,4,15.674,response,11,cc25909c,main,2026-05-23T08:39:17.099174+00:00,15.138,non_musician
43249419-c7ae-46e9-88b2-bc37e3fad159,cc25909c,stim_0021,5,5,5.565,response,12,cc25909c,main,2026-05-23T08:39:23.553832+00:00,5.052,non_musician
7868f26e-237a-47f1-b4b8-6469644200be,cc25909c,stim_0099,6,5,21.633,response,13,cc25909c,main,2026-05-23T08:39:45.990822+00:00,21.253,non_musician
b28cc0f5-5bd8-4121-bec0-b21a803952cb,cc25909c,stim_0091,6,5,5.476,response,14,cc25909c,main,2026-05-23T08:39:52.332534+00:00,4.787,non_musician
002027d4-9fec-4b03-ae83-503131f7eddd,cc25909c,stim_0083,5,7,8.077,response,15,cc25909c,main,2026-05-23T08:40:01.547859+00:00,7.706,non_musician
93b3f520-1846-4287-8455-44a9b1137235,cc25909c,stim_0060,5,6,9.993,response,16,cc25909c,main,2026-05-23T08:40:12.436404+00:00,9.564,non_musician
3b94c651-4082-49bd-b61f-ac84bc242eae,cc25909c,stim_0085,5,4,14.841,response,17,cc25909c,main,2026-05-23T08:40:28.12334+00:00,14.341,non_musician
97d3e217-b56a-44f5-ace3-432de98d37e2,cc25909c,stim_0118,1,1,7.354,response,18,cc25909c,main,2026-05-23T08:40:36.389778+00:00,6.909,non_musician
f52d1f11-144b-4ddd-9462-289810bcac61,cc25909c,stim_0075,3,7,13.118,response,19,cc25909c,main,2026-05-23T08:40:50.523738+00:00,12.749,non_musician
1ab5ceca-6ea0-4397-b5fc-5da0a68e1552,cc25909c,stim_0037,2,4,18.723,response,20,cc25909c,main,2026-05-23T08:41:10.10918+00:00,18.333,non_musician
32271b07-c121-4ea7-a3f6-360d6a8fba94,cc25909c,stim_0019,3,3,11.793,response,21,cc25909c,main,2026-05-23T08:41:22.667618+00:00,11.422,non_musician
542888c4-486e-4507-bed9-8e08d419d874,cc25909c,stim_0124,5,7,11.365,response,22,cc25909c,main,2026-05-23T08:41:35.005508+00:00,11.157,non_musician
deb04a09-a8ad-4a7f-90bf-04ed8d580143,cc25909c,stim_0051,4,5,9.232,response,23,cc25909c,main,2026-05-23T08:41:45.05293+00:00,8.77,non_musician
2edb9c3f-990a-46cc-928d-27419095cdad,cc25909c,stim_0062,3,5,11.523,response,24,cc25909c,main,2026-05-23T08:41:57.404568+00:00,11.157,non_musician
621b3085-39f7-4ca5-b65c-5d6cd486368c,cc25909c,stim_0001,6,2,7.967,response,25,cc25909c,main,2026-05-23T08:42:06.10938+00:00,7.44,non_musician
ecb976b9-b8cc-48af-9290-dcae493f2344,cc25909c,stim_0050,4,2,11.742,response,26,cc25909c,main,2026-05-23T08:42:18.683103+00:00,11.423,non_musician
dcf7a145-9a0b-44be-aa30-f80aa4b2e4bb,cc25909c,stim_0081,3,1,10.915,response,27,cc25909c,main,2026-05-23T08:42:30.375684+00:00,10.625,non_musician
c11b760c-8e12-4bba-8c3b-0280fb7ac993,cc25909c,stim_0087,5,5,11.48,response,28,cc25909c,main,2026-05-23T08:42:42.572195+00:00,11.156,non_musician
c1f0baa2-215c-43e0-8467-819c9c30c5a3,cc25909c,stim_0105,2,2,16.333,response,29,cc25909c,main,2026-05-23T08:43:01.474858+00:00,15.943,non_musician
19adbb29-78c0-4d3a-b8d5-921fafdebc83,87e334a8,stim_0124,4,4,3.769,response,0,87e334a8,main,2026-05-23T18:28:10.405789+00:00,3.163,amateur
3f5b3e9e-bf01-48a2-96f6-5ea5e73f3107,87e334a8,stim_0004,4,2,25.791,response,1,87e334a8,main,2026-05-23T18:28:38.280979+00:00,22.449,amateur
6e78215b-33a8-4249-982c-d2e89e2fd5b5,87e334a8,stim_0062,3,3,18.889,response,2,87e334a8,main,2026-05-23T18:28:57.948646+00:00,18.205,amateur
0fa81ba9-472f-4785-b053-6a6bc2291d1f,87e334a8,stim_0118,3,1,21.652,response,3,87e334a8,main,2026-05-23T18:29:20.491091+00:00,20.964,amateur
a6f5d469-df68-4d85-b87d-f2c12d451f4d,87e334a8,stim_0087,4,3,16.878,response,4,87e334a8,main,2026-05-23T18:29:38.191405+00:00,16.2,amateur
e2473d2f-4bc8-4576-855c-3afe4d58769d,87e334a8,stim_0019,3,4,11.919,response,5,87e334a8,main,2026-05-23T18:29:50.925321+00:00,11.439,amateur
b3d09a23-10e3-4359-86b8-e99184d1c8d6,87e334a8,stim_0122,4,4,16.194,response,6,87e334a8,main,2026-05-23T18:30:07.860058+00:00,15.701,amateur
b443a432-09d2-4228-8040-9c9b667fc6f1,87e334a8,stim_0081,3,2,17.262,response,7,87e334a8,main,2026-05-23T18:30:26.009715+00:00,16.703,amateur
7dca95a3-e3e6-4994-a108-e764c91868f2,87e334a8,stim_0049,3,3,57.161,response,8,87e334a8,main,2026-05-23T18:31:23.964191+00:00,44.767,amateur
e5b51f65-2ac5-4124-b2d5-e0a38aaed507,87e334a8,stim_0116,3,4,18.289,response,9,87e334a8,main,2026-05-23T18:31:43.255216+00:00,17.711,amateur
74af9312-11df-41a0-afec-3cc26238b4a3,87e334a8,stim_0016,4,4,22.936,response,10,87e334a8,main,2026-05-23T18:32:06.941073+00:00,22.211,amateur
7ff94606-34d2-452b-ad31-5428f3ab77f9,87e334a8,stim_0052,3,3,20.211,response,11,87e334a8,main,2026-05-23T18:32:28.024843+00:00,19.716,amateur
e72a1975-982b-42ce-b84c-62505049f87e,87e334a8,stim_0084,3,4,16.604,response,12,87e334a8,main,2026-05-23T18:32:45.432064+00:00,15.944,amateur
c368f90f-1f91-441a-9ad4-cf690b08d135,87e334a8,stim_0032,5,4,22.53,response,13,87e334a8,main,2026-05-23T18:33:08.812938+00:00,21.965,amateur
6c227cde-64d2-4e0d-8ef4-c7c37d529ae6,87e334a8,stim_0104,5,4,18.145,response,14,87e334a8,main,2026-05-23T18:33:27.773803+00:00,17.454,amateur
3d62f0d0-2f84-488f-973a-9e1c86f02c50,87e334a8,stim_0013,3,4,19.595,response,15,87e334a8,main,2026-05-23T18:33:48.27053+00:00,18.95,amateur
05c73214-ee8c-4e14-9d81-9b33fc6a446d,87e334a8,stim_0083,5,5,14.666,response,16,87e334a8,main,2026-05-23T18:34:03.849033+00:00,13.939,amateur
cf3605a1-839b-4149-9a56-e0490dcc1ba9,87e334a8,stim_0053,3,5,17.145,response,17,87e334a8,main,2026-05-23T18:34:21.818986+00:00,16.45,amateur
d1e3f046-4541-4205-b64e-b56af1149cbb,87e334a8,stim_0041,4,4,17.46,response,18,87e334a8,main,2026-05-23T18:34:40.087641+00:00,16.943,amateur
3a991cfa-2f96-4ccc-8c24-06c8994f1b7f,87e334a8,stim_0114,4,3,20.396,response,19,87e334a8,main,2026-05-23T18:35:01.197899+00:00,19.712,amateur
54278a45-1078-442e-b6b0-73edaabbd27b,87e334a8,stim_0036,4,3,28.42,response,20,87e334a8,main,2026-05-23T18:35:30.342648+00:00,22.394,amateur
da0ce89d-9350-42f5-a6c9-43d613e76bdd,87e334a8,stim_0010,6,4,21.295,response,21,87e334a8,main,2026-05-23T18:35:52.354801+00:00,20.706,amateur
960e2587-85e4-440c-9678-13ff630e7280,87e334a8,stim_0060,6,4,50.859,response,22,87e334a8,main,2026-05-23T18:36:43.912377+00:00,43.204,amateur
cbbf431e-4e87-4299-b86a-b6e90df1a582,87e334a8,stim_0050,4,2,18.219,response,23,87e334a8,main,2026-05-23T18:37:03.00859+00:00,17.704,amateur
f3452951-5747-4d8c-af9e-b5d0e0de8dbd,87e334a8,stim_0037,4,4,22.47,response,24,87e334a8,main,2026-05-23T18:37:26.177797+00:00,21.112,amateur
497137a0-6ffa-4511-99d9-8b9170d9abe9,87e334a8,stim_0023,5,3,15.713,response,25,87e334a8,main,2026-05-23T18:37:42.650424+00:00,15.191,amateur
788996bb-aea8-4e1b-9ff4-0fd85c9fa93c,87e334a8,stim_0022,4,2,20.148,response,26,87e334a8,main,2026-05-23T18:38:03.547784+00:00,19.452,amateur
053f156c-284c-418e-bff3-7a09d75904fe,87e334a8,stim_0075,4,6,10.535,response,27,87e334a8,main,2026-05-23T18:38:14.826851+00:00,9.928,amateur
d0e6efca-3e0d-44d8-a244-a79f36506aff,87e334a8,stim_0061,3,4,27.476,response,28,87e334a8,main,2026-05-23T18:38:43.06823+00:00,22.365,amateur
4fc98bc9-efd7-46e6-9256-abdcc5ecd398,87e334a8,stim_0015,3,3,19.619,response,29,87e334a8,main,2026-05-23T18:39:03.478777+00:00,18.953,amateur
38533799-8b7b-43e9-9c06-11e805b4a7e9,c18d9252,stim_0080,3,3,142.247,response,0,c18d9252,main,2026-05-24T14:32:22.219572+00:00,111.492,amateur
650cc90f-2865-4886-a408-0a831af3ae71,c18d9252,stim_0004,4,5,119.945,response,1,c18d9252,main,2026-05-24T14:34:24.412187+00:00,111.384,amateur
f1d80afb-8f30-4e04-9a61-42ceb170360a,c18d9252,stim_0024,5,6,51.855,response,2,c18d9252,main,2026-05-24T14:35:17.611414+00:00,44.623,amateur
e9abbd86-91fa-420b-8f6e-0c12d4d19b87,c18d9252,stim_0116,4,2,55.444,response,3,c18d9252,main,2026-05-24T14:36:13.907871+00:00,44.742,amateur
b478675b-0f1d-47d4-9a98-49f381872347,c18d9252,stim_0067,2,5,58.283,response,4,c18d9252,main,2026-05-24T14:37:13.072307+00:00,55.326,amateur
2b3f4a97-8fac-45f6-ac76-f96dada62c33,c18d9252,stim_0037,4,4,19.238,response,5,c18d9252,main,2026-05-24T14:37:33.130856+00:00,18.806,amateur
5aa5cc7e-618a-4cf0-bbc4-fbecd2fcdc35,c18d9252,stim_0066,5,3,67.941,response,6,c18d9252,main,2026-05-24T14:38:41.924685+00:00,60.823,amateur
31ab8a1e-fc62-4078-bdec-5d9c8fe02ff4,c18d9252,stim_0055,6,3,20.653,response,7,c18d9252,main,2026-05-24T14:39:03.849476+00:00,20.056,amateur
d35dd9d4-14ae-4668-bebe-ce520a2f1d32,c18d9252,stim_0028,5,3,73.63,response,8,c18d9252,main,2026-05-24T14:40:18.237726+00:00,38.774,amateur
2ef9615d-f5d2-4315-81f4-dc810061591f,c18d9252,stim_0069,4,4,48.728,response,9,c18d9252,main,2026-05-24T14:41:07.713726+00:00,42.834,amateur
3fc3799b-4646-4cd6-b173-74efbb09eed6,c18d9252,stim_0087,4,3,93.909,response,10,c18d9252,main,2026-05-24T14:42:42.742061+00:00,84.585,amateur
ce5ecf9d-b32d-42bc-8b71-cc048cbf2df2,c18d9252,stim_0095,2,4,38.327,response,11,c18d9252,main,2026-05-24T14:43:22.341558+00:00,36.613,amateur
c2bedfaf-cf3a-4de1-9b23-3f652d643d0b,c18d9252,stim_0021,5,3,45.148,response,12,c18d9252,main,2026-05-24T14:44:08.774983+00:00,43.671,amateur
021e315f-c946-47d9-b88d-10f9f54c1fde,c18d9252,stim_0023,3,3,106.711,response,13,c18d9252,main,2026-05-24T14:45:56.786734+00:00,89.298,amateur
a1e158cb-8565-4fa5-a09a-5d7f5b1204b3,c18d9252,stim_0118,2,1,46.906,response,14,c18d9252,main,2026-05-24T14:46:44.48533+00:00,42.574,amateur
dad0dc8a-6085-4225-86d8-7bc00e2ed0c7,c18d9252,stim_0044,5,3,46.781,response,15,c18d9252,main,2026-05-24T14:47:32.083831+00:00,44.586,amateur
7d531877-7e91-4e5f-8776-3490e7f0f1fd,c18d9252,stim_0101,5,3,42.87,response,16,c18d9252,main,2026-05-24T14:48:15.792597+00:00,40.535,amateur
a2892607-3bc7-46fe-82a2-7f8703a336db,c18d9252,stim_0015,3,4,88.262,response,17,c18d9252,main,2026-05-24T14:49:44.880314+00:00,85.345,amateur
8c7b729b-d7ec-448b-ac48-af81024db4dc,c18d9252,stim_0033,2,5,55.968,response,18,c18d9252,main,2026-05-24T14:50:41.617279+00:00,44.136,amateur
19b44db2-d3d2-4b32-b92f-b8b43309bca9,c18d9252,stim_0025,5,4,61.973,response,19,c18d9252,main,2026-05-24T14:51:44.403586+00:00,58.047,amateur
7d08b1bf-6129-41cc-a74d-6ffd4b5368b9,c18d9252,stim_0110,3,5,20.924,response,20,c18d9252,main,2026-05-24T14:52:06.246304+00:00,20.316,amateur
d4e6576e-104b-4eff-8886-a62727b7af74,c18d9252,stim_0060,3,5,19.697,response,21,c18d9252,main,2026-05-24T14:52:26.716294+00:00,19.287,amateur
cec0be34-fd35-4125-9e6f-485d5d0b50bc,c18d9252,stim_0041,5,3,20.373,response,22,c18d9252,main,2026-05-24T14:52:47.831092+00:00,19.816,amateur
da4082cc-84c6-4873-80df-75b75815d32d,c18d9252,stim_0091,6,3,129.827,response,23,c18d9252,main,2026-05-24T14:54:59.070624+00:00,43.08,amateur
89d19b89-0580-441b-b5d2-b51096bf60e5,c18d9252,stim_0008,4,3,48.402,response,24,c18d9252,main,2026-05-24T14:55:48.814974+00:00,44.547,amateur
933c4f21-dcb3-4daf-b1ad-63c8c5d70e43,c18d9252,stim_0111,5,3,45.243,response,25,c18d9252,main,2026-05-24T14:56:34.967749+00:00,41.59,amateur
0d90b8ba-9dea-430a-bf5e-7ea957b6d9c2,c18d9252,stim_0094,2,1,20.814,response,26,c18d9252,main,2026-05-24T14:56:56.751718+00:00,20.062,amateur
f4ed076d-adfa-44cc-b803-9bec03f89c37,c18d9252,stim_0039,5,2,93.171,response,27,c18d9252,main,2026-05-24T14:58:30.829434+00:00,89.152,amateur
f148d283-8a4a-45cb-9545-615b84a16c7b,c18d9252,stim_0086,3,2,73.911,response,28,c18d9252,main,2026-05-24T14:59:45.547464+00:00,67.039,amateur
679b3fb7-108e-4e9b-9d56-d454d0ccbe67,c18d9252,stim_0059,2,1,253.294,response,29,c18d9252,main,2026-05-24T15:03:59.854582+00:00,133.862,amateur
aee1e97d-3572-4add-ba74-86a1db39dfc4,6f4b797b,stim_0095,4,4,11.066,response,0,6f4b797b,main,2026-05-26T06:20:46.531729+00:00,10.362,amateur
8ab12415-2019-4164-b801-fe17d651b4b7,6f4b797b,stim_0034,5,3,11.868,response,1,6f4b797b,main,2026-05-26T06:21:00.14235+00:00,11.436,amateur
b7bc4df1-cfa5-4cb9-bbda-3af0d744c206,6f4b797b,stim_0119,2,1,10.568,response,2,6f4b797b,main,2026-05-26T06:21:11.58108+00:00,10.094,amateur
e1978b87-9848-4e34-bd4e-2880353c5509,6f4b797b,stim_0100,6,5,6.799,response,3,6f4b797b,main,2026-05-26T06:21:19.14605+00:00,6.38,amateur
892581e1-3bf4-4344-9d1b-bafcdc5fe009,6f4b797b,stim_0011,2,2,17.423,response,4,6f4b797b,main,2026-05-26T06:21:37.319117+00:00,17.006,amateur
82a7b16e-9be5-42cf-aeac-6eeccf8ab713,6f4b797b,stim_0098,2,3,11.736,response,5,6f4b797b,main,2026-05-26T06:21:49.821656+00:00,11.421,amateur
2ad4f116-fe13-494a-9d50-a919a8a3c214,6f4b797b,stim_0103,1,2,10.633,response,6,6f4b797b,main,2026-05-26T06:22:01.209563+00:00,10.359,amateur
a7a0a4d8-707f-4f78-9b84-6591e9fe2459,6f4b797b,stim_0047,5,5,12.378,response,7,6f4b797b,main,2026-05-26T06:22:14.290737+00:00,11.952,amateur
75244891-4f8b-4830-9443-b68416a4c199,6f4b797b,stim_0049,1,1,7.948,response,8,6f4b797b,main,2026-05-26T06:22:22.998522+00:00,7.441,amateur
726f4461-c05d-4cc8-996a-6f31e3f534a0,6f4b797b,stim_0044,5,5,10.13,response,9,6f4b797b,main,2026-05-26T06:22:33.849412+00:00,9.83,amateur
c1b723c6-82bd-42af-bd0e-4ec5da59e13f,6f4b797b,stim_0094,1,1,8.161,response,10,6f4b797b,main,2026-05-26T06:22:42.743468+00:00,7.71,amateur
34169175-a678-4289-b41b-13a386d236f9,6f4b797b,stim_0113,1,3,9.984,response,11,6f4b797b,main,2026-05-26T06:22:53.453172+00:00,9.566,amateur
398d96d9-49bf-4abb-b4bb-5af086c56245,6f4b797b,stim_0101,2,4,10.487,response,12,6f4b797b,main,2026-05-26T06:23:04.690246+00:00,10.096,amateur
062b9726-450a-45c0-9dd7-4fd62cdb972a,6f4b797b,stim_0058,1,2,14.983,response,13,6f4b797b,main,2026-05-26T06:23:20.481393+00:00,14.606,amateur
8683833a-3ca9-45d1-8b10-e21274222681,6f4b797b,stim_0075,4,6,7.162,response,14,6f4b797b,main,2026-05-26T06:23:28.403728+00:00,6.644,amateur
abd0d935-1d71-4b9a-9299-6b6d7672222d,6f4b797b,stim_0123,2,4,11.309,response,15,6f4b797b,main,2026-05-26T06:23:40.419655+00:00,10.89,amateur
343437fe-f856-4ada-ad3e-21c9a6997125,6f4b797b,stim_0032,2,4,10.943,response,16,6f4b797b,main,2026-05-26T06:23:52.124082+00:00,10.626,amateur
9b7ebdca-5065-471b-a84d-5d4ed752cce0,6f4b797b,stim_0035,3,5,12.77,response,17,6f4b797b,main,2026-05-26T06:24:05.645481+00:00,12.483,amateur
33fa9d65-557b-4ad4-b634-6f09b4d167d2,6f4b797b,stim_0067,4,4,10.422,response,18,6f4b797b,main,2026-05-26T06:24:16.821725+00:00,9.831,amateur
c54cb7f7-857d-4bdb-ac3f-ba721ea3292f,6f4b797b,stim_0080,5,4,6.463,response,19,6f4b797b,main,2026-05-26T06:24:24.065213+00:00,6.115,amateur
454e7835-1ecd-458c-b04b-de2d88f5c281,6f4b797b,stim_0122,6,5,9.829,response,20,6f4b797b,main,2026-05-26T06:24:34.581007+00:00,9.3,amateur
c44b6e33-474a-4d56-bbbe-7694bb7d16c0,6f4b797b,stim_0084,2,5,8.214,response,21,6f4b797b,main,2026-05-26T06:24:43.493708+00:00,7.705,amateur
6cec91ea-72a1-40a5-9968-9f0ab7e7ff3b,6f4b797b,stim_0124,6,6,8.554,response,22,6f4b797b,main,2026-05-26T06:24:52.743934+00:00,8.237,amateur
8acd2fed-0bd1-4cdf-ac41-7680ca9f7e37,6f4b797b,stim_0115,4,4,8.38,response,23,6f4b797b,main,2026-05-26T06:25:01.820084+00:00,7.97,amateur
8fc02c6b-6778-4a96-8df9-f32a2c775f42,6f4b797b,stim_0023,3,4,6.945,response,24,6f4b797b,main,2026-05-26T06:25:09.485605+00:00,6.645,amateur
b8739ae2-f5ec-4ec3-ba74-95f13b65e074,6f4b797b,stim_0088,4,4,7.077,response,25,6f4b797b,main,2026-05-26T06:25:17.261589+00:00,6.646,amateur
37d75ee5-45f1-4ded-9081-c8b4c7113e55,6f4b797b,stim_0083,5,6,7.94,response,26,6f4b797b,main,2026-05-26T06:25:25.921202+00:00,7.44,amateur
5e1148d8-7493-474d-99b4-ace8102e1246,6f4b797b,stim_0041,2,5,12.751,response,27,6f4b797b,main,2026-05-26T06:25:39.40069+00:00,12.215,amateur
cd42bce2-2c5e-4f2a-ade5-a451cca8ac09,6f4b797b,stim_0108,1,5,6.713,response,28,6f4b797b,main,2026-05-26T06:25:46.840112+00:00,6.377,amateur
ce61a607-b75e-4b15-8da0-f62e31f74ef2,6f4b797b,stim_0087,3,4,12.425,response,29,6f4b797b,main,2026-05-26T06:25:59.987235+00:00,11.952,amateur
